# tools/reflection/engine_split.py 1.0.0 -- authoritative UE 5.4.4 module name set at changelist 35576357 (++UE5+Release-5.4, research/unreal/engine-version.json), read from Engine/Source/**/*.Build.cs and Engine/Plugins/**/*.uplugin
# 1841 distinct names: 653 from Engine/Source (1:1 with 653 *.Build.cs files), 1188 distinct from Engine/Plugins (from 609 *.uplugin files' Modules[] arrays)
module_name	source_kind	evidence_file	evidence_line
ACLPlugin	uplugin	Engine/Plugins/Animation/ACLPlugin/ACLPlugin.uplugin	18
ACLPluginEditor	uplugin	Engine/Plugins/Animation/ACLPlugin/ACLPlugin.uplugin	24
ADO	build.cs	Engine/Source/ThirdParty/ADO/ADO.Build.cs	5
ADOSupport	uplugin	Engine/Plugins/Runtime/Database/ADOSupport/ADOSupport.uplugin	19
AESBlockEncryptor	build.cs	Engine/Source/Runtime/PacketHandlers/EncryptionComponents/SymmetricEncryption/BlockEncryption/AESBlockEncryptor/AESBlockEncryptor.Build.cs	6
AESGCMHandlerComponent	uplugin	Engine/Plugins/Runtime/PacketHandlers/AESGCMHandlerComponent/AESGCMHandlerComponent.uplugin	20
AESHandlerComponent	uplugin	Engine/Plugins/Runtime/PacketHandlers/AESHandlerComponent/AESHandlerComponent.uplugin	20
AIGraph	build.cs	Engine/Source/Editor/AIGraph/AIGraph.Build.cs	5
AIModule	build.cs	Engine/Source/Runtime/AIModule/AIModule.Build.cs	7
AISupportModule	uplugin	Engine/Plugins/AI/AISupport/AISupport.uplugin	20
AITestSuite	build.cs	Engine/Source/Developer/AITestSuite/AITestSuite.Build.cs	5
AMD_AGS	build.cs	Engine/Source/ThirdParty/AMD/AMD_AGS/AMD_AGS.Build.cs	7
AMFCodecs	uplugin	Engine/Plugins/Experimental/AVCodecs/AMFCodecs/AMFCodecs.uplugin	18
AMFCodecsRHI	uplugin	Engine/Plugins/Experimental/AVCodecs/AMFCodecs/AMFCodecs.uplugin	29
ARUtilities	uplugin	Engine/Plugins/Runtime/AR/ARUtilities/ARUtilities.uplugin	20
AVCodecsCore	uplugin	Engine/Plugins/Experimental/AVCodecs/AVCodecsCore/AVCodecsCore.uplugin	18
AVCodecsCoreRHI	uplugin	Engine/Plugins/Experimental/AVCodecs/AVCodecsCore/AVCodecsCore.uplugin	24
AVEncoder	build.cs	Engine/Source/Runtime/AVEncoder/AVEncoder.Build.cs	9
AVIWriter	build.cs	Engine/Source/Runtime/AVIWriter/AVIWriter.Build.cs	5
AbilitySystemGameFeatureActions	uplugin	Engine/Plugins/Experimental/AbilitySystemGameFeatureActions/AbilitySystemGameFeatureActions.uplugin	19
ActionableMessage	build.cs	Engine/Source/Editor/ActionableMessage/ActionableMessage.build.cs	5
ActorLayerUtilities	uplugin	Engine/Plugins/Runtime/ActorLayerUtilities/ActorLayerUtilities.uplugin	19
ActorLayerUtilitiesEditor	uplugin	Engine/Plugins/Runtime/ActorLayerUtilities/ActorLayerUtilities.uplugin	24
ActorModifierCore	uplugin	Engine/Plugins/Experimental/ActorModifierCore/ActorModifierCore.uplugin	24
ActorModifierCoreEditor	uplugin	Engine/Plugins/Experimental/ActorModifierCore/ActorModifierCore.uplugin	29
ActorPalette	uplugin	Engine/Plugins/Experimental/ActorPalette/ActorPalette.uplugin	20
ActorPickerMode	build.cs	Engine/Source/Editor/ActorPickerMode/ActorPickerMode.Build.cs	5
ActorSequence	uplugin	Engine/Plugins/MovieScene/ActorSequence/ActorSequence.uplugin	20
ActorSequenceEditor	uplugin	Engine/Plugins/MovieScene/ActorSequence/ActorSequence.uplugin	25
AddContentDialog	build.cs	Engine/Source/Editor/AddContentDialog/AddContentDialog.Build.cs	5
AdjustEditor	uplugin	Engine/Plugins/Runtime/Analytics/Adjust/Adjust.uplugin	20
AdpcmAudioDecoder	build.cs	Engine/Source/Runtime/AdpcmAudioDecoder/Module/AdpcmAudioDecoder.Build.cs	5
AdvancedPreviewScene	build.cs	Engine/Source/Editor/AdvancedPreviewScene/AdvancedPreviewScene.Build.cs	5
AdvancedRenamer	uplugin	Engine/Plugins/Experimental/AdvancedRenamer/AdvancedRenamer.uplugin	19
AdvancedWidgets	build.cs	Engine/Source/Runtime/AdvancedWidgets/AdvancedWidgets.Build.cs	5
Advertising	build.cs	Engine/Source/Runtime/Advertising/Advertising/Advertising.Build.cs	5
AjaCore	uplugin	Engine/Plugins/Media/AjaMedia/AjaMedia.uplugin	18
AjaMedia	uplugin	Engine/Plugins/Media/AjaMedia/AjaMedia.uplugin	24
AjaMediaEditor	uplugin	Engine/Plugins/Media/AjaMedia/AjaMedia.uplugin	48
AjaMediaFactory	uplugin	Engine/Plugins/Media/AjaMedia/AjaMedia.uplugin	36
AjaMediaOutput	uplugin	Engine/Plugins/Media/AjaMedia/AjaMedia.uplugin	30
AlembicHairTranslatorModule	uplugin	Engine/Plugins/Importers/AlembicHairImporter/AlembicHairImporter.uplugin	19
AlembicImporter	uplugin	Engine/Plugins/Importers/AlembicImporter/AlembicImporter.uplugin	19
AlembicLib	build.cs	Engine/Source/ThirdParty/Alembic/AlembicLib.Build.cs	8
AlembicLibrary	uplugin	Engine/Plugins/Importers/AlembicImporter/AlembicImporter.uplugin	29
Amf	build.cs	Engine/Source/ThirdParty/AMD/Amf/Amf.Build.cs	4
Analytics	build.cs	Engine/Source/Runtime/Analytics/Analytics/Analytics.Build.cs	5
AnalyticsBlueprintLibrary	uplugin	Engine/Plugins/Runtime/Analytics/AnalyticsBlueprintLibrary/AnalyticsBlueprintLibrary.uplugin	20
AnalyticsET	build.cs	Engine/Source/Runtime/Analytics/AnalyticsET/AnalyticsET.Build.cs	5
AnalyticsHorde	uplugin	Engine/Plugins/Experimental/StudioTelemetry/StudioTelemetry.uplugin	24
AnalyticsLog	uplugin	Engine/Plugins/Experimental/StudioTelemetry/StudioTelemetry.uplugin	19
AnalyticsMulticast	uplugin	Engine/Plugins/Runtime/Analytics/AnalyticsMulticast/AnalyticsMulticast.uplugin	25
AnalyticsMulticastEditor	uplugin	Engine/Plugins/Runtime/Analytics/AnalyticsMulticast/AnalyticsMulticast.uplugin	20
AnalyticsSwrve	build.cs	Engine/Source/Runtime/Analytics/AnalyticsSwrve/AnalyticsSwrve.Build.cs	5
AnalyticsVisualEditing	build.cs	Engine/Source/Runtime/Analytics/AnalyticsVisualEditing/AnalyticsVisualEditing.Build.cs	5
AndroidAdjust	uplugin	Engine/Plugins/Runtime/Analytics/Adjust/Adjust.uplugin	25
AndroidAdvertising	build.cs	Engine/Source/Runtime/Advertising/Android/AndroidAdvertising/AndroidAdvertising.Build.cs	7
AndroidBackgroundService	uplugin	Engine/Plugins/Runtime/AndroidBackgroundService/AndroidBackgroundService.uplugin	17
AndroidCamera	uplugin	Engine/Plugins/Media/AndroidCamera/AndroidCamera.uplugin	20
AndroidCameraEditor	uplugin	Engine/Plugins/Media/AndroidCamera/AndroidCamera.uplugin	26
AndroidCameraFactory	uplugin	Engine/Plugins/Media/AndroidCamera/AndroidCamera.uplugin	31
AndroidDeviceDetection	build.cs	Engine/Source/Developer/Android/AndroidDeviceDetection/AndroidDeviceDetection.Build.cs	5
AndroidDeviceProfileCommandlets	uplugin	Engine/Plugins/Runtime/AndroidDeviceProfileSelector/AndroidDeviceProfileSelector.uplugin	25
AndroidDeviceProfileSelector	uplugin	Engine/Plugins/Runtime/AndroidDeviceProfileSelector/AndroidDeviceProfileSelector.uplugin	20
AndroidDeviceProfileSelectorRuntime	uplugin	Engine/Plugins/Runtime/AndroidDeviceProfileSelector/AndroidDeviceProfileSelector.uplugin	30
AndroidFetchBackgroundDownload	uplugin	Engine/Plugins/Online/Android/AndroidFetchBackgroundDownload/AndroidFetchBackgroundDownload.uplugin	17
AndroidFileServer	uplugin	Engine/Plugins/Runtime/AndroidFileServer/AndroidFileServer.uplugin	19
AndroidFileServerEditor	uplugin	Engine/Plugins/Runtime/AndroidFileServer/AndroidFileServer.uplugin	25
AndroidLocalNotification	build.cs	Engine/Source/Runtime/Android/AndroidLocalNotification/AndroidLocalNotification.Build.cs	5
AndroidMedia	uplugin	Engine/Plugins/Media/AndroidMedia/AndroidMedia.uplugin	20
AndroidMediaEditor	uplugin	Engine/Plugins/Media/AndroidMedia/AndroidMedia.uplugin	26
AndroidMediaFactory	uplugin	Engine/Plugins/Media/AndroidMedia/AndroidMedia.uplugin	31
AndroidMoviePlayer	uplugin	Engine/Plugins/Runtime/AndroidMoviePlayer/AndroidMoviePlayer.uplugin	19
AndroidPermission	uplugin	Engine/Plugins/Runtime/AndroidPermission/AndroidPermission.uplugin	19
AndroidPlatformEditor	build.cs	Engine/Source/Developer/Android/AndroidPlatformEditor/AndroidPlatformEditor.Build.cs	5
AndroidRuntimeSettings	build.cs	Engine/Source/Runtime/Android/AndroidRuntimeSettings/AndroidRuntimeSettings.Build.cs	5
AndroidTargetPlatform	build.cs	Engine/Source/Developer/Android/AndroidTargetPlatform/AndroidTargetPlatform.Build.cs	5
AndroidTargetPlatformControls	build.cs	Engine/Source/Developer/Android/AndroidTargetPlatformControls/AndroidTargetPlatformControls.Build.cs	5
AndroidTargetPlatformSettings	build.cs	Engine/Source/Developer/Android/AndroidTargetPlatformSettings/AndroidTargetPlatformSettings.Build.cs	5
AnimGraph	build.cs	Engine/Source/Editor/AnimGraph/AnimGraph.Build.cs	6
AnimGraphRuntime	build.cs	Engine/Source/Runtime/AnimGraphRuntime/AnimGraphRuntime.Build.cs	6
AnimNext	uplugin	Engine/Plugins/Experimental/AnimNext/AnimNext.uplugin	40
AnimNextEditor	uplugin	Engine/Plugins/Experimental/AnimNext/AnimNext.uplugin	45
AnimNextTestSuite	uplugin	Engine/Plugins/Experimental/AnimNext/AnimNext.uplugin	55
AnimNextUncookedOnly	uplugin	Engine/Plugins/Experimental/AnimNext/AnimNext.uplugin	50
AnimToTexture	uplugin	Engine/Plugins/Experimental/AnimToTexture/AnimToTexture.uplugin	19
AnimToTextureEditor	uplugin	Engine/Plugins/Experimental/AnimToTexture/AnimToTexture.uplugin	24
AnimationBlueprintEditor	build.cs	Engine/Source/Editor/AnimationBlueprintEditor/AnimationBlueprintEditor.Build.cs	5
AnimationBlueprintLibrary	build.cs	Engine/Source/Editor/AnimationBlueprintLibrary/AnimationBlueprintLibrary.build.cs	5
AnimationBudgetAllocator	uplugin	Engine/Plugins/Runtime/AnimationBudgetAllocator/AnimationBudgetAllocator.uplugin	19
AnimationCore	build.cs	Engine/Source/Runtime/AnimationCore/AnimationCore.Build.cs	5
AnimationData	uplugin	Engine/Plugins/Animation/AnimationData/AnimationData.uplugin	20
AnimationDataController	build.cs	Engine/Source/Developer/AnimationDataController/AnimationDataController.build.cs	5
AnimationEditMode	build.cs	Engine/Source/Editor/AnimationEditMode/AnimationEditMode.Build.cs	5
AnimationEditor	build.cs	Engine/Source/Editor/AnimationEditor/AnimationEditor.Build.cs	5
AnimationEditorWidgets	build.cs	Engine/Source/Editor/AnimationEditorWidgets/AnimationEditorWidgets.Build.cs	5
AnimationLocomotionLibraryEditor	uplugin	Engine/Plugins/Animation/AnimationLocomotionLibrary/AnimationLocomotionLibrary.uplugin	25
AnimationLocomotionLibraryRuntime	uplugin	Engine/Plugins/Animation/AnimationLocomotionLibrary/AnimationLocomotionLibrary.uplugin	20
AnimationModifierLibrary	uplugin	Engine/Plugins/Animation/AnimationModifierLibrary/AnimationModifierLibrary.uplugin	21
AnimationModifiers	build.cs	Engine/Source/Editor/AnimationModifiers/AnimationModifiers.Build.cs	5
AnimationSettings	build.cs	Engine/Source/Editor/AnimationSettings/AnimationSettings.Build.cs	5
AnimationSharing	uplugin	Engine/Plugins/Developer/AnimationSharing/AnimationSharing.uplugin	19
AnimationSharingEd	uplugin	Engine/Plugins/Developer/AnimationSharing/AnimationSharing.uplugin	24
AnimationWarpingEditor	uplugin	Engine/Plugins/Animation/AnimationWarping/AnimationWarping.uplugin	22
AnimationWarpingRuntime	uplugin	Engine/Plugins/Animation/AnimationWarping/AnimationWarping.uplugin	17
AnimationWidgets	build.cs	Engine/Source/Developer/AnimationWidgets/AnimationWidgets.Build.cs	5
ApexDestruction	uplugin	Engine/Plugins/Runtime/ApexDestruction/ApexDestruction.uplugin	20
ApexDestructionEditor	uplugin	Engine/Plugins/Runtime/ApexDestruction/ApexDestruction.uplugin	25
AppFramework	build.cs	Engine/Source/Runtime/AppFramework/AppFramework.Build.cs	5
AppleARKit	uplugin	Engine/Plugins/Runtime/AR/AppleAR/AppleARKit/AppleARKit.uplugin	22
AppleARKitFaceSupport	uplugin	Engine/Plugins/Runtime/AR/AppleAR/AppleARKitFaceSupport/AppleARKitFaceSupport.uplugin	23
AppleARKitPoseTrackingLiveLink	uplugin	Engine/Plugins/Runtime/AR/AppleAR/AppleARKit/AppleARKit.uplugin	29
AppleImageUtils	uplugin	Engine/Plugins/Runtime/AppleImageUtils/AppleImageUtils.uplugin	21
AppleImageUtilsBlueprintSupport	uplugin	Engine/Plugins/Runtime/AppleImageUtils/AppleImageUtils.uplugin	27
AppleMoviePlayer	uplugin	Engine/Plugins/Runtime/AppleMoviePlayer/AppleMoviePlayer.uplugin	19
AppleProResDecoderElectra	uplugin	Engine/Plugins/Media/AppleProResDecoderElectra/AppleProResDecoderElectra.uplugin	17
AppleProResMedia	uplugin	Engine/Plugins/Media/AppleProResMedia/AppleProResMedia.uplugin	17
AppleVision	uplugin	Engine/Plugins/Experimental/AppleVision/AppleVision.uplugin	20
AppleVisionBlueprintSupport	uplugin	Engine/Plugins/Experimental/AppleVision/AppleVision.uplugin	29
ApplicationCore	build.cs	Engine/Source/Runtime/ApplicationCore/ApplicationCore.Build.cs	5
ArchVisCharacter	uplugin	Engine/Plugins/Runtime/ArchVisCharacter/ArchVisCharacter.uplugin	20
ArmlibGPUInfo	build.cs	Engine/Source/ThirdParty/ARM/ArmlibGPUInfo/ArmlibGPUInfo.Build.cs	7
Asio	build.cs	Engine/Source/ThirdParty/asio/Asio.Build.cs	5
AssetDefinition	build.cs	Engine/Source/Editor/AssetDefinition/AssetDefinition.Build.cs	6
AssetManagerEditor	uplugin	Engine/Plugins/Editor/AssetManagerEditor/AssetManagerEditor.uplugin	21
AssetReferenceRestrictions	uplugin	Engine/Plugins/Editor/AssetReferenceRestrictions/AssetReferenceRestrictions.uplugin	19
AssetRegistry	build.cs	Engine/Source/Runtime/AssetRegistry/AssetRegistry.Build.cs	5
AssetRegistryExport	uplugin	Engine/Plugins/Editor/AssetRegistryExport/AssetRegistryExport.uplugin	19
AssetSearch	uplugin	Engine/Plugins/Editor/AssetSearch/AssetSearch.uplugin	19
AssetTags	uplugin	Engine/Plugins/Runtime/AssetTags/AssetTags.uplugin	20
AssetTagsEditor	build.cs	Engine/Source/Editor/AssetTagsEditor/AssetTagsEditor.Build.cs	5
AssetTools	build.cs	Engine/Source/Developer/AssetTools/AssetTools.Build.cs	5
AtomicQueue	build.cs	Engine/Source/ThirdParty/AtomicQueue/AtomicQueue.Build.cs	6
AudioAnalyzer	build.cs	Engine/Source/Runtime/AudioAnalyzer/AudioAnalyzer.Build.cs	5
AudioCapture	uplugin	Engine/Plugins/Runtime/AudioCapture/AudioCapture.uplugin	21
AudioCaptureAndroid	build.cs	Engine/Source/Runtime/AudioCaptureImplementations/Android/AudioCaptureAndroid/AudioCaptureAndroid.Build.cs	5
AudioCaptureAudioUnit	build.cs	Engine/Source/Runtime/AudioCaptureImplementations/IOS/AudioCaptureAudioUnit/AudioCaptureAudioUnit.Build.cs	5
AudioCaptureCore	build.cs	Engine/Source/Runtime/AudioCaptureCore/AudioCaptureCore.Build.cs	5
AudioCaptureEditor	uplugin	Engine/Plugins/Runtime/AudioCapture/AudioCapture.uplugin	27
AudioCaptureRtAudio	build.cs	Engine/Source/Runtime/AudioCaptureImplementations/AudioCaptureRtAudio/AudioCaptureRtAudio.Build.cs	5
AudioCaptureTimecodeProvider	uplugin	Engine/Plugins/Media/AudioCaptureTimecodeProvider/AudioCaptureTimecodeProvider.uplugin	20
AudioCaptureWasapi	build.cs	Engine/Source/Runtime/AudioCaptureImplementations/Windows/AudioCaputureWasapi/AudioCaptureWasapi.Build.cs	5
AudioEditor	build.cs	Engine/Source/Editor/AudioEditor/AudioEditor.Build.cs	6
AudioExtensions	build.cs	Engine/Source/Runtime/AudioExtensions/AudioExtensions.Build.cs	5
AudioFormatADPCM	build.cs	Engine/Source/Developer/AudioFormatADPCM/AudioFormatADPCM.Build.cs	5
AudioFormatBink	build.cs	Engine/Source/Developer/AudioFormatBink/AudioFormatBink.Build.cs	6
AudioFormatOgg	build.cs	Engine/Source/Developer/AudioFormatOgg/AudioFormatOgg.Build.cs	5
AudioFormatOpus	build.cs	Engine/Source/Developer/AudioFormatOpus/AudioFormatOpus.Build.cs	5
AudioFormatRad	build.cs	Engine/Source/Developer/AudioFormatRad/AudioFormatRad.Build.cs	6
AudioGameplay	uplugin	Engine/Plugins/AudioGameplay/AudioGameplay.uplugin	18
AudioGameplayTests	uplugin	Engine/Plugins/AudioGameplay/AudioGameplay.uplugin	23
AudioGameplayVolume	uplugin	Engine/Plugins/AudioGameplayVolume/AudioGameplayVolume.uplugin	18
AudioGameplayVolumeEditor	uplugin	Engine/Plugins/AudioGameplayVolume/AudioGameplayVolume.uplugin	23
AudioInsights	uplugin	Engine/Plugins/AudioInsights/AudioInsights.uplugin	20
AudioLinkCore	build.cs	Engine/Source/Runtime/AudioLink/AudioLinkCore/AudioLinkCore.Build.cs	5
AudioLinkEngine	build.cs	Engine/Source/Runtime/AudioLink/AudioLinkEngine/AudioLinkEngine.Build.cs	5
AudioMixer	build.cs	Engine/Source/Runtime/AudioMixer/AudioMixer.Build.cs	5
AudioMixerAndroid	build.cs	Engine/Source/Runtime/Android/AudioMixerAndroid/AudioMixerAndroid.Build.cs	5
AudioMixerAudioUnit	build.cs	Engine/Source/Runtime/Apple/AudioMixerAudioUnit/AudioMixerAudioUnit.Build.cs	5
AudioMixerCore	build.cs	Engine/Source/Runtime/AudioMixerCore/AudioMixerCore.Build.cs	5
AudioMixerCoreAudio	build.cs	Engine/Source/Runtime/Apple/AudioMixerCoreAudio/AudioMixerCoreAudio.Build.cs	6
AudioMixerPlatformAudioLink	build.cs	Engine/Source/Runtime/AudioLink/AudioMixerPlatformAudioLink/AudioMixerPlatformAudioLink.Build.cs	5
AudioMixerSDL	build.cs	Engine/Source/Runtime/Linux/AudioMixerSDL/AudioMixerSDL.Build.cs	5
AudioMixerXAudio2	build.cs	Engine/Source/Runtime/Windows/AudioMixerXAudio2/AudioMixerXAudio2.Build.cs	5
AudioModulation	uplugin	Engine/Plugins/Runtime/AudioModulation/AudioModulation.uplugin	20
AudioModulationEditor	uplugin	Engine/Plugins/Runtime/AudioModulation/AudioModulation.uplugin	25
AudioMotorSim	uplugin	Engine/Plugins/Runtime/AudioMotorSim/AudioMotorSim.uplugin	19
AudioMotorSimStandardComponents	uplugin	Engine/Plugins/Runtime/AudioMotorSim/AudioMotorSim.uplugin	24
AudioPlatformConfiguration	build.cs	Engine/Source/Runtime/AudioPlatformConfiguration/AudioPlatformConfiguration.Build.cs	5
AudioSettingsEditor	build.cs	Engine/Source/Developer/AudioSettingsEditor/AudioSettingsEditor.Build.cs	5
AudioSynesthesia	uplugin	Engine/Plugins/Runtime/AudioSynesthesia/AudioSynesthesia.uplugin	25
AudioSynesthesiaCore	uplugin	Engine/Plugins/Runtime/AudioSynesthesia/AudioSynesthesia.uplugin	20
AudioSynesthesiaEditor	uplugin	Engine/Plugins/Runtime/AudioSynesthesia/AudioSynesthesia.uplugin	30
AudioWidgets	uplugin	Engine/Plugins/Runtime/AudioWidgets/AudioWidgets.uplugin	19
AugmentedReality	build.cs	Engine/Source/Runtime/AugmentedReality/AugmentedReality.build.cs	5
AutomationController	build.cs	Engine/Source/Developer/AutomationController/AutomationController.Build.cs	5
AutomationDriver	build.cs	Engine/Source/Developer/AutomationDriver/AutomationDriver.Build.cs	5
AutomationDriverTests	uplugin	Engine/Plugins/Tests/AutomationDriverTests/AutomationDriverTests.uplugin	19
AutomationMessages	build.cs	Engine/Source/Runtime/AutomationMessages/AutomationMessages.Build.cs	5
AutomationTest	build.cs	Engine/Source/Runtime/AutomationTest/AutomationTest.Build.cs	5
AutomationUtils	uplugin	Engine/Plugins/Experimental/AutomationUtils/AutomationUtils.uplugin	18
AutomationUtilsEditor	uplugin	Engine/Plugins/Experimental/AutomationUtils/AutomationUtils.uplugin	23
AutomationWindow	build.cs	Engine/Source/Developer/AutomationWindow/AutomationWindow.Build.cs	5
AutomationWorker	build.cs	Engine/Source/Runtime/AutomationWorker/AutomationWorker.Build.cs	5
Avalanche	uplugin	Engine/Plugins/Experimental/Avalanche/Avalanche.uplugin	25
AvalancheAttribute	uplugin	Engine/Plugins/Experimental/Avalanche/Avalanche.uplugin	222
AvalancheAttributeEditor	uplugin	Engine/Plugins/Experimental/Avalanche/Avalanche.uplugin	228
AvalancheComponentVisualizers	uplugin	Engine/Plugins/Experimental/Avalanche/Avalanche.uplugin	47
AvalancheCore	uplugin	Engine/Plugins/Experimental/Avalanche/Avalanche.uplugin	31
AvalancheEditor	uplugin	Engine/Plugins/Experimental/Avalanche/Avalanche.uplugin	37
AvalancheEditorCore	uplugin	Engine/Plugins/Experimental/Avalanche/Avalanche.uplugin	42
AvalancheEffectors	uplugin	Engine/Plugins/Experimental/Avalanche/Avalanche.uplugin	52
AvalancheEffectorsEditor	uplugin	Engine/Plugins/Experimental/Avalanche/Avalanche.uplugin	58
AvalancheInteractiveTools	uplugin	Engine/Plugins/Experimental/Avalanche/Avalanche.uplugin	63
AvalancheInteractiveToolsRuntime	uplugin	Engine/Plugins/Experimental/Avalanche/Avalanche.uplugin	68
AvalancheLevelViewport	uplugin	Engine/Plugins/Experimental/Avalanche/Avalanche.uplugin	74
AvalancheMRQ	uplugin	Engine/Plugins/Experimental/Avalanche/Avalanche.uplugin	195
AvalancheMRQEditor	uplugin	Engine/Plugins/Experimental/Avalanche/Avalanche.uplugin	201
AvalancheMask	uplugin	Engine/Plugins/Experimental/Avalanche/Avalanche.uplugin	84
AvalancheMaskEditor	uplugin	Engine/Plugins/Experimental/Avalanche/Avalanche.uplugin	90
AvalancheMedia	uplugin	Engine/Plugins/Experimental/Avalanche/Avalanche.uplugin	95
AvalancheMediaEditor	uplugin	Engine/Plugins/Experimental/Avalanche/Avalanche.uplugin	101
AvalancheModifiers	uplugin	Engine/Plugins/Experimental/Avalanche/Avalanche.uplugin	106
AvalancheModifiersEditor	uplugin	Engine/Plugins/Experimental/Avalanche/Avalanche.uplugin	112
AvalancheOutliner	uplugin	Engine/Plugins/Experimental/Avalanche/Avalanche.uplugin	79
AvalanchePropertyAnimator	uplugin	Engine/Plugins/Experimental/Avalanche/Avalanche.uplugin	117
AvalanchePropertyAnimatorEditor	uplugin	Engine/Plugins/Experimental/Avalanche/Avalanche.uplugin	123
AvalancheRemoteControl	uplugin	Engine/Plugins/Experimental/Avalanche/Avalanche.uplugin	128
AvalancheRemoteControlEditor	uplugin	Engine/Plugins/Experimental/Avalanche/Avalanche.uplugin	134
AvalancheSVGEditor	uplugin	Engine/Plugins/Experimental/Avalanche/Avalanche.uplugin	206
AvalancheSceneTree	uplugin	Engine/Plugins/Experimental/Avalanche/Avalanche.uplugin	177
AvalancheSequence	uplugin	Engine/Plugins/Experimental/Avalanche/Avalanche.uplugin	139
AvalancheSequencer	uplugin	Engine/Plugins/Experimental/Avalanche/Avalanche.uplugin	145
AvalancheShapes	uplugin	Engine/Plugins/Experimental/Avalanche/Avalanche.uplugin	150
AvalancheShapesEditor	uplugin	Engine/Plugins/Experimental/Avalanche/Avalanche.uplugin	156
AvalancheTag	uplugin	Engine/Plugins/Experimental/Avalanche/Avalanche.uplugin	211
AvalancheTagEditor	uplugin	Engine/Plugins/Experimental/Avalanche/Avalanche.uplugin	217
AvalancheText	uplugin	Engine/Plugins/Experimental/Avalanche/Avalanche.uplugin	161
AvalancheTextEditor	uplugin	Engine/Plugins/Experimental/Avalanche/Avalanche.uplugin	167
AvalancheTransition	uplugin	Engine/Plugins/Experimental/Avalanche/Avalanche.uplugin	183
AvalancheTransitionEditor	uplugin	Engine/Plugins/Experimental/Avalanche/Avalanche.uplugin	189
AvalancheViewport	uplugin	Engine/Plugins/Experimental/Avalanche/Avalanche.uplugin	172
AvfMedia	uplugin	Engine/Plugins/Media/AvfMedia/AvfMedia.uplugin	20
AvfMediaCapture	uplugin	Engine/Plugins/Media/AvfMedia/AvfMedia.uplugin	42
AvfMediaEditor	uplugin	Engine/Plugins/Media/AvfMedia/AvfMedia.uplugin	26
AvfMediaFactory	uplugin	Engine/Plugins/Media/AvfMedia/AvfMedia.uplugin	31
AvidDNxHDDecoderElectra	uplugin	Engine/Plugins/Media/AvidDNxHDDecoderElectra/AvidDNxHDDecoderElectra.uplugin	17
AvidDNxMedia	uplugin	Engine/Plugins/Media/AvidDNxMedia/AvidDNxMedia.uplugin	16
AxFImporter	uplugin	Engine/Plugins/Enterprise/AxFImporter/AxFImporter.uplugin	22
AzureSpatialAnchors	uplugin	Engine/Plugins/Runtime/AR/AzureSpatialAnchors/AzureSpatialAnchors.uplugin	26
AzureSpatialAnchorsForARCore	uplugin	Engine/Plugins/Runtime/AR/AzureSpatialAnchorsForARCore/AzureSpatialAnchorsForARCore.uplugin	23
AzureSpatialAnchorsForARKit	uplugin	Engine/Plugins/Runtime/AR/AzureSpatialAnchorsForARKit/AzureSpatialAnchorsForARKit.uplugin	23
BLAKE3	build.cs	Engine/Source/ThirdParty/BLAKE3/BLAKE3.Build.cs	6
BSPUtils	build.cs	Engine/Source/Developer/BSPUtils/BSPUtils.Build.cs	5
BackChannel	uplugin	Engine/Plugins/Experimental/BackChannel/BackChannel.uplugin	14
BackgroundHTTP	build.cs	Engine/Source/Runtime/Online/BackgroundHTTP/BackgroundHTTP.Build.cs	5
BackgroundHTTPFileHash	build.cs	Engine/Source/Runtime/Online/BackgroundHTTPFileHash/BackgroundHTTPFileHash.Build.cs	5
BaseCharacterFXEditor	uplugin	Engine/Plugins/Experimental/CharacterFXEditor/BaseCharacterFXEditor/BaseCharacterFXEditor.uplugin	18
BehaviorTreeEditor	build.cs	Engine/Source/Editor/BehaviorTreeEditor/BehaviorTreeEditor.Build.cs	5
BinkAudioDecoder	build.cs	Engine/Source/Runtime/BinkAudioDecoder/Module/BinkAudioDecoder.Build.cs	8
BinkMediaPlayer	uplugin	Engine/Plugins/Media/BinkMedia/BinkMedia.uplugin	20
BinkMediaPlayerEditor	uplugin	Engine/Plugins/Media/BinkMedia/BinkMedia.uplugin	29
BlackmagicCore	uplugin	Engine/Plugins/Media/BlackmagicMedia/BlackmagicMedia.uplugin	18
BlackmagicMedia	uplugin	Engine/Plugins/Media/BlackmagicMedia/BlackmagicMedia.uplugin	24
BlackmagicMediaEditor	uplugin	Engine/Plugins/Media/BlackmagicMedia/BlackmagicMedia.uplugin	48
BlackmagicMediaFactory	uplugin	Engine/Plugins/Media/BlackmagicMedia/BlackmagicMedia.uplugin	36
BlackmagicMediaOutput	uplugin	Engine/Plugins/Media/BlackmagicMedia/BlackmagicMedia.uplugin	30
BlankModule	build.cs	Engine/Source/Developer/BlankModule/BlankModule.Build.cs	5
BlankPlugin	uplugin	Engine/Plugins/Developer/BlankPlugin/BlankPlugin.uplugin	20
BlendSpaceMotionAnalysis	uplugin	Engine/Plugins/Animation/BlendSpaceMotionAnalysis/BlendSpaceMotionAnalysis.uplugin	20
BlendStack	uplugin	Engine/Plugins/Animation/BlendStack/BlendStack.uplugin	18
BlendStackEditor	uplugin	Engine/Plugins/Animation/BlendStack/BlendStack.uplugin	23
BlockEncryptionHandlerComponent	build.cs	Engine/Source/Runtime/PacketHandlers/EncryptionComponents/SymmetricEncryption/BlockEncryption/BlockEncryptionHandlerComponent/BlockEncryptionHandlerComponent.Build.cs	6
Blosc	build.cs	Engine/Source/ThirdParty/Blosc/Blosc.Build.cs	6
BlowFishBlockEncryptor	build.cs	Engine/Source/Runtime/PacketHandlers/EncryptionComponents/SymmetricEncryption/BlockEncryption/BlowFishBlockEncryptor/BlowFishBlockEncryptor.Build.cs	6
BlueprintEditorLibrary	build.cs	Engine/Source/Editor/BlueprintEditorLibrary/BlueprintEditorLibrary.Build.cs	6
BlueprintFileUtils	uplugin	Engine/Plugins/BlueprintFileUtils/BlueprintFileUtils.uplugin	19
BlueprintGraph	build.cs	Engine/Source/Editor/BlueprintGraph/BlueprintGraph.Build.cs	6
BlueprintHeaderView	uplugin	Engine/Plugins/Editor/BlueprintHeaderView/BlueprintHeaderView.uplugin	21
BlueprintMaterialTextureNodes	uplugin	Engine/Plugins/Editor/BlueprintMaterialTextureNodes/BlueprintMaterialTextureNodes.uplugin	18
BlueprintRuntime	build.cs	Engine/Source/Runtime/BlueprintRuntime/BlueprintRuntime.Build.cs	5
BlueprintSnapNodes	uplugin	Engine/Plugins/Experimental/BlueprintSnapNodes/BlueprintSnapNodes.uplugin	19
BlueprintStats	uplugin	Engine/Plugins/Experimental/BlueprintStats/BlueprintStats.uplugin	20
Blutility	build.cs	Engine/Source/Editor/Blutility/Blutility.Build.cs	5
Boost	build.cs	Engine/Source/ThirdParty/Boost/Boost.Build.cs	6
Bridge	uplugin	Engine/Plugins/Bridge/Bridge.uplugin	23
BspMode	uplugin	Engine/Plugins/Editor/GeometryMode/GeometryMode.uplugin	24
BuildPatchServices	build.cs	Engine/Source/Runtime/Online/BuildPatchServices/BuildPatchServices.Build.cs	6
BuildSettings	build.cs	Engine/Source/Runtime/BuildSettings/BuildSettings.Build.cs	7
Buoyancy	uplugin	Engine/Plugins/Experimental/Buoyancy/Buoyancy.uplugin	19
CADInterfaces	uplugin	Engine/Plugins/Enterprise/DatasmithCADImporter/DatasmithCADImporter.uplugin	56
CADKernel	build.cs	Engine/Source/Runtime/Datasmith/CADKernel/CADKernel.Build.cs	6
CADKernelSurface	uplugin	Engine/Plugins/Enterprise/DatasmithCADImporter/DatasmithCADImporter.uplugin	148
CADLibrary	uplugin	Engine/Plugins/Enterprise/DatasmithCADImporter/DatasmithCADImporter.uplugin	24
CADTools	uplugin	Engine/Plugins/Enterprise/DatasmithCADImporter/DatasmithCADImporter.uplugin	65
CEF3	build.cs	Engine/Source/ThirdParty/CEF3/CEF3.build.cs	8
CEF3Utils	build.cs	Engine/Source/Runtime/CEF3Utils/CEF3Utils.Build.cs	5
CLionSourceCodeAccess	uplugin	Engine/Plugins/Developer/CLionSourceCodeAccess/CLionSourceCodeAccess.uplugin	20
CQTest	uplugin	Engine/Plugins/Tests/CQTest/CQTest.uplugin	18
CQTestTests	uplugin	Engine/Plugins/Tests/CQTest/CQTest.uplugin	23
CSVtoSVG	build.cs	Engine/Source/Editor/CSVtoSVG/CSVtoSVG.Build.cs	5
CUDA	build.cs	Engine/Source/Runtime/CUDA/Source/CUDA.Build.cs	8
CUDAHeader	build.cs	Engine/Source/ThirdParty/NVIDIA/CUDA/CUDAHeader.Build.cs	4
CableComponent	uplugin	Engine/Plugins/Runtime/CableComponent/CableComponent.uplugin	20
CacheTrackRecorder	uplugin	Engine/Plugins/VirtualProduction/Takes/Takes.uplugin	67
CameraCalibrationCore	uplugin	Engine/Plugins/VirtualProduction/CameraCalibrationCore/CameraCalibrationCore.uplugin	20
CameraCalibrationCoreEditor	uplugin	Engine/Plugins/VirtualProduction/CameraCalibrationCore/CameraCalibrationCore.uplugin	26
CameraCalibrationEditor	uplugin	Engine/Plugins/VirtualProduction/CameraCalibration/CameraCalibration.uplugin	18
CameraShakePreviewer	uplugin	Engine/Plugins/Cameras/CameraShakePreviewer/CameraShakePreviewer.uplugin	27
Cascade	build.cs	Engine/Source/Editor/Cascade/Cascade.Build.cs	5
CascadeToNiagaraConverter	uplugin	Engine/Plugins/FX/CascadeToNiagaraConverter/CascadeToNiagaraConverter.uplugin	19
Catch2	build.cs	Engine/Source/ThirdParty/Catch2/Catch2.build.cs	8
Catch2Extras	build.cs	Engine/Source/ThirdParty/Catch2/Catch2Extras.Build.cs	7
Cbor	build.cs	Engine/Source/Runtime/Cbor/Cbor.Build.cs	5
ChangelistReview	uplugin	Engine/Plugins/Editor/ChangelistReview/ChangelistReview.uplugin	22
Chaos	build.cs	Engine/Source/Runtime/Experimental/Chaos/Chaos.Build.cs	8
ChaosCaching	uplugin	Engine/Plugins/Experimental/ChaosCaching/ChaosCaching.uplugin	20
ChaosCachingEditor	uplugin	Engine/Plugins/Experimental/ChaosCaching/ChaosCaching.uplugin	25
ChaosCachingUSD	uplugin	Engine/Plugins/Experimental/ChaosCachingUSD/ChaosCachingUSD.uplugin	22
ChaosCloth	uplugin	Engine/Plugins/ChaosCloth/ChaosCloth.uplugin	18
ChaosClothAsset	uplugin	Engine/Plugins/ChaosClothAsset/ChaosClothAsset.uplugin	19
ChaosClothAssetDataflowNodes	uplugin	Engine/Plugins/ChaosClothAssetEditor/ChaosClothAssetEditor.uplugin	30
ChaosClothAssetEditor	uplugin	Engine/Plugins/ChaosClothAssetEditor/ChaosClothAssetEditor.uplugin	18
ChaosClothAssetEditorTools	uplugin	Engine/Plugins/ChaosClothAssetEditor/ChaosClothAssetEditor.uplugin	24
ChaosClothAssetEngine	uplugin	Engine/Plugins/ChaosClothAsset/ChaosClothAsset.uplugin	24
ChaosClothAssetTools	uplugin	Engine/Plugins/ChaosClothAssetEditor/ChaosClothAssetEditor.uplugin	36
ChaosClothEditor	uplugin	Engine/Plugins/ChaosCloth/ChaosCloth.uplugin	23
ChaosClothGenerator	uplugin	Engine/Plugins/Animation/MLDeformer/ChaosClothGenerator/ChaosClothGenerator.uplugin	19
ChaosCore	build.cs	Engine/Source/Runtime/Experimental/ChaosCore/ChaosCore.Build.cs	5
ChaosFlesh	uplugin	Engine/Plugins/Experimental/ChaosFlesh/ChaosFlesh.uplugin	20
ChaosFleshEditor	uplugin	Engine/Plugins/Experimental/ChaosFlesh/ChaosFlesh.uplugin	30
ChaosFleshEngine	uplugin	Engine/Plugins/Experimental/ChaosFlesh/ChaosFlesh.uplugin	25
ChaosFleshNodes	uplugin	Engine/Plugins/Experimental/ChaosFlesh/ChaosFlesh.uplugin	35
ChaosModularVehicle	uplugin	Engine/Plugins/Experimental/ChaosModularVehicle/ChaosModularVehicle.uplugin	19
ChaosModularVehicleEngine	uplugin	Engine/Plugins/Experimental/ChaosModularVehicle/ChaosModularVehicle.uplugin	24
ChaosNiagara	uplugin	Engine/Plugins/Experimental/ChaosNiagara/ChaosNiagara.uplugin	19
ChaosSolverEditor	uplugin	Engine/Plugins/Experimental/ChaosSolverPlugin/ChaosSolverPlugin.uplugin	19
ChaosSolverEngine	build.cs	Engine/Source/Runtime/Experimental/ChaosSolverEngine/ChaosSolverEngine.Build.cs	5
ChaosUserDataPT	uplugin	Engine/Plugins/Experimental/ChaosUserDataPT/ChaosUserDataPT.uplugin	19
ChaosVD	uplugin	Engine/Plugins/ChaosVD/ChaosVD.uplugin	20
ChaosVDData	build.cs	Engine/Source/Runtime/Experimental/ChaosVDData/ChaosVDData.build.cs	8
ChaosVDRuntime	build.cs	Engine/Source/Runtime/Experimental/ChaosVisualDebugger/ChaosVDRuntime.Build.cs	8
ChaosVehicles	uplugin	Engine/Plugins/Experimental/ChaosVehiclesPlugin/ChaosVehiclesPlugin.uplugin	20
ChaosVehiclesCore	build.cs	Engine/Source/Runtime/Experimental/ChaosVehicles/ChaosVehiclesCore/ChaosVehiclesCore.Build.cs	5
ChaosVehiclesEditor	uplugin	Engine/Plugins/Experimental/ChaosVehiclesPlugin/ChaosVehiclesPlugin.uplugin	25
ChaosVehiclesEngine	build.cs	Engine/Source/Runtime/Experimental/ChaosVehicles/ChaosVehiclesEngine/ChaosVehiclesEngine.Build.cs	5
CharacterAI	uplugin	Engine/Plugins/Experimental/CharacterAI/CharacterAI.uplugin	20
Chooser	uplugin	Engine/Plugins/Experimental/Chooser/Chooser.uplugin	39
ChooserEditor	uplugin	Engine/Plugins/Experimental/Chooser/Chooser.uplugin	49
ChooserUncooked	uplugin	Engine/Plugins/Experimental/Chooser/Chooser.uplugin	44
ChunkDownloader	uplugin	Engine/Plugins/Runtime/ChunkDownloader/ChunkDownloader.uplugin	15
CineCameraRigs	uplugin	Engine/Plugins/Experimental/CineCameraRigs/CineCameraRigs.uplugin	19
CineCameraRigsEditor	uplugin	Engine/Plugins/Experimental/CineCameraRigs/CineCameraRigs.uplugin	24
CineCameraSceneCapture	uplugin	Engine/Plugins/Experimental/CineCameraSceneCapture/CineCameraSceneCapture.uplugin	20
CinematicCamera	build.cs	Engine/Source/Runtime/CinematicCamera/CinematicCamera.Build.cs	5
CinematicPrestreaming	uplugin	Engine/Plugins/Experimental/CinematicPrestreaming/CinematicPrestreaming.uplugin	18
CinematicPrestreamingEditor	uplugin	Engine/Plugins/Experimental/CinematicPrestreaming/CinematicPrestreaming.uplugin	23
ClassViewer	build.cs	Engine/Source/Editor/ClassViewer/ClassViewer.Build.cs	5
ClientPilot	build.cs	Engine/Source/Runtime/ClientPilot/ClientPilot.Build.cs	5
ClonerEffector	uplugin	Engine/Plugins/Experimental/ClonerEffector/ClonerEffector.uplugin	18
ClonerEffectorEditor	uplugin	Engine/Plugins/Experimental/ClonerEffector/ClonerEffector.uplugin	23
ClothPainter	build.cs	Engine/Source/Editor/ClothPainter/ClothPainter.Build.cs	5
ClothingSystemEditor	build.cs	Engine/Source/Editor/ClothingSystemEditor/ClothingSystemEditor.Build.cs	6
ClothingSystemEditorInterface	build.cs	Engine/Source/Editor/ClothingSystemEditorInterface/ClothingSystemEditorInterface.Build.cs	6
ClothingSystemRuntimeCommon	build.cs	Engine/Source/Runtime/ClothingSystemRuntimeCommon/ClothingSystemRuntimeCommon.Build.cs	5
ClothingSystemRuntimeInterface	build.cs	Engine/Source/Runtime/ClothingSystemRuntimeInterface/ClothingSystemRuntimeInterface.Build.cs	5
ClothingSystemRuntimeNv	build.cs	Engine/Source/Runtime/ClothingSystemRuntimeNv/ClothingSystemRuntimeNv.Build.cs	5
CmdLinkServer	uplugin	Engine/Plugins/CmdLinkServer/CmdLinkServer.uplugin	19
CodeEditor	uplugin	Engine/Plugins/Experimental/CodeEditor/CodeEditor.uplugin	20
CodeLiteSourceCodeAccess	uplugin	Engine/Plugins/Developer/CodeLiteSourceCodeAccess/CodeLiteSourceCodeAccess.uplugin	20
CodeView	uplugin	Engine/Plugins/Experimental/CodeView/CodeView.uplugin	20
CollectionManager	build.cs	Engine/Source/Developer/CollectionManager/CollectionManager.Build.cs	5
CollisionAnalyzer	build.cs	Engine/Source/Developer/CollisionAnalyzer/CollisionAnalyzer.Build.cs	5
ColorCorrectRegions	uplugin	Engine/Plugins/Experimental/ColorCorrectRegions/ColorCorrectRegions.uplugin	19
ColorCorrectRegionsEditor	uplugin	Engine/Plugins/Experimental/ColorCorrectRegions/ColorCorrectRegions.uplugin	24
ColorManagement	build.cs	Engine/Source/Runtime/ColorManagement/ColorManagement.Build.cs	5
CommonConversationEditor	uplugin	Engine/Plugins/Experimental/CommonConversation/CommonConversation.uplugin	29
CommonConversationGraph	uplugin	Engine/Plugins/Experimental/CommonConversation/CommonConversation.uplugin	24
CommonConversationRuntime	uplugin	Engine/Plugins/Experimental/CommonConversation/CommonConversation.uplugin	19
CommonInput	uplugin	Engine/Plugins/Runtime/CommonUI/CommonUI.uplugin	30
CommonMenuExtensions	build.cs	Engine/Source/Editor/CommonMenuExtensions/CommonMenuExtensions.Build.cs	5
CommonUI	uplugin	Engine/Plugins/Runtime/CommonUI/CommonUI.uplugin	20
CommonUIEditor	uplugin	Engine/Plugins/Runtime/CommonUI/CommonUI.uplugin	25
ComponentVisualizers	build.cs	Engine/Source/Editor/ComponentVisualizers/ComponentVisualizers.Build.cs	5
CompositePlane	uplugin	Engine/Plugins/VirtualProduction/CompositePlane/CompositePlane.uplugin	19
Composure	uplugin	Engine/Plugins/Compositing/Composure/Composure.uplugin	20
ComposureEditor	uplugin	Engine/Plugins/Compositing/Composure/Composure.uplugin	25
ComposureLayersEditor	uplugin	Engine/Plugins/Compositing/Composure/Composure.uplugin	30
ComputeFramework	uplugin	Engine/Plugins/Runtime/ComputeFramework/ComputeFramework.uplugin	19
ComputeFrameworkEditor	uplugin	Engine/Plugins/Runtime/ComputeFramework/ComputeFramework.uplugin	24
Concert	uplugin	Engine/Plugins/Developer/Concert/ConcertMain/ConcertMain.uplugin	21
ConcertClient	uplugin	Engine/Plugins/Developer/Concert/ConcertMain/ConcertMain.uplugin	27
ConcertClientSharedSlate	uplugin	Engine/Plugins/Developer/Concert/ConcertUI/ConcertClientSharedSlate/ConcertClientSharedSlate.uplugin	21
ConcertReplicationScripting	uplugin	Engine/Plugins/Developer/Concert/ConcertScripting/ConcertReplicationScripting/ConcertReplicationScripting.uplugin	18
ConcertReplicationScriptingEditor	uplugin	Engine/Plugins/Developer/Concert/ConcertScripting/ConcertReplicationScripting/ConcertReplicationScripting.uplugin	23
ConcertServer	uplugin	Engine/Plugins/Developer/Concert/ConcertMain/ConcertMain.uplugin	33
ConcertSharedSlate	uplugin	Engine/Plugins/Developer/Concert/ConcertUI/ConcertSharedSlate/ConcertSharedSlate.uplugin	21
ConcertSyncClient	uplugin	Engine/Plugins/Developer/Concert/ConcertSync/ConcertSyncClient/ConcertSyncClient.uplugin	21
ConcertSyncCore	uplugin	Engine/Plugins/Developer/Concert/ConcertSync/ConcertSyncCore/ConcertSyncCore.uplugin	21
ConcertSyncServer	uplugin	Engine/Plugins/Developer/Concert/ConcertSync/ConcertSyncServer/ConcertSyncServer.uplugin	21
ConcertSyncTest	uplugin	Engine/Plugins/Developer/Concert/ConcertSync/ConcertSyncTest/ConcertSyncTest.uplugin	21
ConcertTakeRecorder	uplugin	Engine/Plugins/VirtualProduction/MultiUserTakes/MultiUserTakes.uplugin	38
ConcertTransport	uplugin	Engine/Plugins/Developer/Concert/ConcertMain/ConcertMain.uplugin	39
ConfigEditor	build.cs	Engine/Source/Editor/ConfigEditor/ConfigEditor.Build.cs	5
ConsoleVariablesEditor	uplugin	Engine/Plugins/Editor/ConsoleVariablesEditor/ConsoleVariables.uplugin	39
ConsoleVariablesEditorRuntime	uplugin	Engine/Plugins/Editor/ConsoleVariablesEditor/ConsoleVariables.uplugin	44
Constraints	build.cs	Engine/Source/Runtime/Experimental/Animation/Constraints/Constraints.Build.cs	5
ContentBrowser	build.cs	Engine/Source/Editor/ContentBrowser/ContentBrowser.Build.cs	5
ContentBrowserAliasDataSource	uplugin	Engine/Plugins/Editor/ContentBrowser/ContentBrowserAliasDataSoure/ContentBrowserAliasDataSource.uplugin	19
ContentBrowserAssetDataSource	uplugin	Engine/Plugins/Editor/ContentBrowser/ContentBrowserAssetDataSource/ContentBrowserAssetDataSource.uplugin	21
ContentBrowserClassDataSource	uplugin	Engine/Plugins/Editor/ContentBrowser/ContentBrowserClassDataSource/ContentBrowserClassDataSource.uplugin	20
ContentBrowserData	build.cs	Engine/Source/Editor/ContentBrowserData/ContentBrowserData.Build.cs	5
ContentBrowserFileDataSource	uplugin	Engine/Plugins/Editor/ContentBrowser/ContentBrowserFileDataSource/ContentBrowserFileDataSource.uplugin	21
ContextualAnimation	uplugin	Engine/Plugins/Experimental/Animation/ContextualAnimation/ContextualAnimation.uplugin	20
ContextualAnimationEditor	uplugin	Engine/Plugins/Experimental/Animation/ContextualAnimation/ContextualAnimation.uplugin	25
ControlFlows	uplugin	Engine/Plugins/Experimental/ControlFlows/ControlFlows.uplugin	19
ControlRig	uplugin	Engine/Plugins/Animation/ControlRig/ControlRig.uplugin	45
ControlRigDeveloper	uplugin	Engine/Plugins/Animation/ControlRig/ControlRig.uplugin	50
ControlRigEditor	uplugin	Engine/Plugins/Animation/ControlRig/ControlRig.uplugin	55
ControlRigSpline	uplugin	Engine/Plugins/Animation/ControlRigSpline/ControlRigSpline.uplugin	26
CookMetadata	build.cs	Engine/Source/Developer/CookMetadata/CookMetadata.Build.cs	5
CookOnTheFly	build.cs	Engine/Source/Runtime/CookOnTheFly/CookOnTheFly.Build.cs	5
CookOnTheFlyNetServer	build.cs	Engine/Source/Developer/CookOnTheFlyNetServer/CookOnTheFlyNetServer.Build.cs	5
CookedEditor	build.cs	Engine/Source/Developer/CookedEditor/CookedEditor.Build.cs	5
Core	build.cs	Engine/Source/Runtime/Core/Core.Build.cs	7
CoreOnline	build.cs	Engine/Source/Runtime/CoreOnline/CoreOnline.Build.cs	6
CoreUObject	build.cs	Engine/Source/Runtime/CoreUObject/CoreUObject.Build.cs	6
CoreVerseVM	build.cs	Engine/Source/Runtime/CoreVerseVM/CoreVerseVM.build.cs	5
CrashDebugHelper	build.cs	Engine/Source/Developer/CrashDebugHelper/CrashDebugHelper.Build.cs	5
CrashReportCore	build.cs	Engine/Source/Runtime/CrashReportCore/CrashReportCore.Build.cs	5
CryptoKeys	uplugin	Engine/Plugins/Editor/CryptoKeys/CryptoKeys.uplugin	19
CryptoKeysOpenSSL	uplugin	Engine/Plugins/Editor/CryptoKeys/CryptoKeys.uplugin	29
CsvMetrics	uplugin	Engine/Plugins/WorldMetrics/WorldMetrics.uplugin	32
CurveAssetEditor	build.cs	Engine/Source/Editor/CurveAssetEditor/CurveAssetEditor.Build.cs	5
CurveEditor	build.cs	Engine/Source/Editor/CurveEditor/CurveEditor.Build.cs	5
CurveEditorTools	uplugin	Engine/Plugins/Editor/CurveEditorTools/CurveEditorTools.uplugin	19
CurveExpression	uplugin	Engine/Plugins/Experimental/Animation/CurveExpression/CurveExpression.uplugin	20
CurveExpressionEditor	uplugin	Engine/Plugins/Experimental/Animation/CurveExpression/CurveExpression.uplugin	25
CurveTableEditor	build.cs	Engine/Source/Editor/CurveTableEditor/CurveTableEditor.Build.cs	5
CustomDetailsView	uplugin	Engine/Plugins/Experimental/CustomDetailsView/CustomDetailsView.uplugin	19
CustomMeshComponent	uplugin	Engine/Plugins/Runtime/CustomMeshComponent/CustomMeshComponent.uplugin	20
CustomizableObject	uplugin	Engine/Plugins/Experimental/Mutable/Mutable.uplugin	17
CustomizableObjectEditor	uplugin	Engine/Plugins/Experimental/Mutable/Mutable.uplugin	32
CustomizableObjectPopulation	uplugin	Engine/Plugins/Experimental/Mutable/Mutable.uplugin	37
CustomizableObjectPopulationEditor	uplugin	Engine/Plugins/Experimental/Mutable/Mutable.uplugin	42
CustomizableSequencerTracks	uplugin	Engine/Plugins/MovieScene/CustomizableSequencerTracks/CustomizableSequencerTracks.uplugin	20
CustomizableSequencerTracksEditor	uplugin	Engine/Plugins/MovieScene/CustomizableSequencerTracks/CustomizableSequencerTracks.uplugin	25
D3D11RHI	build.cs	Engine/Source/Runtime/Windows/D3D11RHI/D3D11RHI.Build.cs	7
D3D12RHI	build.cs	Engine/Source/Runtime/D3D12RHI/D3D12RHI.Build.cs	7
DMXBlueprintGraph	uplugin	Engine/Plugins/VirtualProduction/DMX/DMXEngine/DMXEngine.uplugin	17
DMXControlConsole	uplugin	Engine/Plugins/VirtualProduction/DMX/DMXControlConsole/DMXControlConsole.uplugin	17
DMXControlConsoleEditor	uplugin	Engine/Plugins/VirtualProduction/DMX/DMXControlConsole/DMXControlConsole.uplugin	22
DMXDisplayCluster	uplugin	Engine/Plugins/VirtualProduction/DMX/DMXDisplayCluster/DMXDisplayCluster.uplugin	17
DMXDisplayClusterLightCard	uplugin	Engine/Plugins/VirtualProduction/DMX/DMXDisplayCluster/DMXDisplayCluster.uplugin	26
DMXEditor	uplugin	Engine/Plugins/VirtualProduction/DMX/DMXEngine/DMXEngine.uplugin	22
DMXFixtureActorInterface	uplugin	Engine/Plugins/VirtualProduction/DMX/DMXModularFeatures/DMXModularFeatures.uplugin	19
DMXFixtures	uplugin	Engine/Plugins/VirtualProduction/DMX/DMXFixtures/DMXFixtures.uplugin	17
DMXPixelMappingBlueprintGraph	uplugin	Engine/Plugins/VirtualProduction/DMX/DMXPixelMapping/DMXPixelMapping.uplugin	37
DMXPixelMappingCore	uplugin	Engine/Plugins/VirtualProduction/DMX/DMXPixelMapping/DMXPixelMapping.uplugin	17
DMXPixelMappingEditor	uplugin	Engine/Plugins/VirtualProduction/DMX/DMXPixelMapping/DMXPixelMapping.uplugin	27
DMXPixelMappingEditorWidgets	uplugin	Engine/Plugins/VirtualProduction/DMX/DMXPixelMapping/DMXPixelMapping.uplugin	32
DMXPixelMappingRenderer	uplugin	Engine/Plugins/VirtualProduction/DMX/DMXPixelMapping/DMXPixelMapping.uplugin	42
DMXPixelMappingRuntime	uplugin	Engine/Plugins/VirtualProduction/DMX/DMXPixelMapping/DMXPixelMapping.uplugin	22
DMXProtocol	uplugin	Engine/Plugins/VirtualProduction/DMX/DMXProtocol/DMXProtocol.uplugin	17
DMXProtocolArtNet	uplugin	Engine/Plugins/VirtualProduction/DMX/DMXProtocol/DMXProtocol.uplugin	22
DMXProtocolBlueprintGraph	uplugin	Engine/Plugins/VirtualProduction/DMX/DMXProtocol/DMXProtocol.uplugin	37
DMXProtocolEditor	uplugin	Engine/Plugins/VirtualProduction/DMX/DMXProtocol/DMXProtocol.uplugin	32
DMXProtocolSACN	uplugin	Engine/Plugins/VirtualProduction/DMX/DMXProtocol/DMXProtocol.uplugin	27
DMXRuntime	uplugin	Engine/Plugins/VirtualProduction/DMX/DMXEngine/DMXEngine.uplugin	27
DNxHR	build.cs	Engine/Source/ThirdParty/AvidDNxHD/DNxHR/DNxHR.Build.cs	6
DNxMXF	build.cs	Engine/Source/ThirdParty/AvidDNxHD/DNxMXF/DNxMXF.Build.cs	6
DNxUncompressed	build.cs	Engine/Source/ThirdParty/AvidDNxHD/DNxUncompressed/DNxUncompressed.Build.cs	6
DTLSHandlerComponent	uplugin	Engine/Plugins/Runtime/PacketHandlers/DTLSHandlerComponent/DTLSHandlerComponent.uplugin	20
DX11	build.cs	Engine/Source/ThirdParty/Windows/DX11/DX11.Build.cs	7
DX11Audio	build.cs	Engine/Source/ThirdParty/Windows/DX11/DX11Audio.Build.cs	5
DX12	build.cs	Engine/Source/ThirdParty/Windows/DX12/DX12.Build.cs	7
DX9	build.cs	Engine/Source/ThirdParty/Windows/DX9/DX9.Build.cs	4
DataCharts	uplugin	Engine/Plugins/VirtualProduction/DataCharts/DataCharts.uplugin	19
DataChartsEditor	uplugin	Engine/Plugins/VirtualProduction/DataCharts/DataCharts.uplugin	24
DataLayerEditor	build.cs	Engine/Source/Editor/DataLayerEditor/DataLayerEditor.Build.cs	5
DataRegistry	uplugin	Engine/Plugins/Runtime/DataRegistry/DataRegistry.uplugin	20
DataRegistryEditor	uplugin	Engine/Plugins/Runtime/DataRegistry/DataRegistry.uplugin	25
DataTableEditor	build.cs	Engine/Source/Editor/DataTableEditor/DataTableEditor.Build.cs	5
DataValidation	uplugin	Engine/Plugins/Editor/DataValidation/DataValidation.uplugin	21
DatabaseSupport	uplugin	Engine/Plugins/Runtime/Database/DatabaseSupport/DatabaseSupport.uplugin	20
DataflowAssetTools	uplugin	Engine/Plugins/Experimental/Dataflow/Dataflow.uplugin	25
DataflowCore	build.cs	Engine/Source/Runtime/Experimental/Dataflow/Core/DataflowCore.Build.cs	5
DataflowEditor	uplugin	Engine/Plugins/Experimental/Dataflow/Dataflow.uplugin	20
DataflowEngine	build.cs	Engine/Source/Runtime/Experimental/Dataflow/Engine/DataflowEngine.Build.cs	5
DataflowEnginePlugin	uplugin	Engine/Plugins/Experimental/Dataflow/Dataflow.uplugin	30
DataflowNodes	uplugin	Engine/Plugins/Experimental/Dataflow/Dataflow.uplugin	35
DataprepCore	uplugin	Engine/Plugins/Enterprise/DataprepEditor/DataprepEditor.uplugin	24
DataprepEditor	uplugin	Engine/Plugins/Enterprise/DataprepEditor/DataprepEditor.uplugin	19
DataprepEditorScriptingUtilities	uplugin	Engine/Plugins/Enterprise/DataprepEditor/DataprepEditor.uplugin	34
DataprepGeometryOperations	uplugin	Engine/Plugins/Experimental/Enterprise/DataprepGeometryOperations/DataprepGeometryOperations.uplugin	19
DataprepLibraries	uplugin	Engine/Plugins/Enterprise/DataprepEditor/DataprepEditor.uplugin	29
DatasmithC4DTranslator	uplugin	Engine/Plugins/Enterprise/DatasmithC4DImporter/DatasmithC4DImporter.uplugin	25
DatasmithCADTranslator	uplugin	Engine/Plugins/Enterprise/DatasmithCADImporter/DatasmithCADImporter.uplugin	30
DatasmithCloTranslator	uplugin	Engine/Plugins/Experimental/DatasmithCloTranslator/DatasmithCloTranslator.uplugin	21
DatasmithContent	uplugin	Engine/Plugins/Enterprise/DatasmithContent/DatasmithContent.uplugin	19
DatasmithContentEditor	uplugin	Engine/Plugins/Enterprise/DatasmithContent/DatasmithContent.uplugin	24
DatasmithCore	build.cs	Engine/Source/Runtime/Datasmith/DatasmithCore/DatasmithCore.Build.cs	6
DatasmithDeltaGenTranslator	uplugin	Engine/Plugins/Enterprise/DatasmithFBXImporter/DatasmithFBXImporter.uplugin	25
DatasmithDispatcher	uplugin	Engine/Plugins/Enterprise/DatasmithCADImporter/DatasmithCADImporter.uplugin	47
DatasmithExporter	build.cs	Engine/Source/Developer/Datasmith/DatasmithExporter/DatasmithExporter.Build.cs	6
DatasmithExporterUI	build.cs	Engine/Source/Developer/Datasmith/DatasmithExporterUI/DatasmithExporterUI.Build.cs	8
DatasmithExternalSource	uplugin	Engine/Plugins/Enterprise/DatasmithImporter/DatasmithImporter.uplugin	19
DatasmithFBXTranslator	uplugin	Engine/Plugins/Enterprise/DatasmithFBXImporter/DatasmithFBXImporter.uplugin	30
DatasmithFacade	build.cs	Engine/Source/Developer/Datasmith/DatasmithFacade/DatasmithFacade.Build.cs	8
DatasmithImporter	uplugin	Engine/Plugins/Enterprise/DatasmithImporter/DatasmithImporter.uplugin	24
DatasmithInterchange	uplugin	Engine/Plugins/Experimental/Enterprise/DatasmithInterchange/DatasmithInterchange.uplugin	25
DatasmithMVRTranslator	uplugin	Engine/Plugins/VirtualProduction/DMX/DatasmithMVR/DatasmithMVR.uplugin	17
DatasmithNativeTranslator	uplugin	Engine/Plugins/Enterprise/DatasmithImporter/DatasmithImporter.uplugin	34
DatasmithOpenNurbsTranslator	uplugin	Engine/Plugins/Enterprise/DatasmithCADImporter/DatasmithCADImporter.uplugin	39
DatasmithPLMXMLTranslator	uplugin	Engine/Plugins/Enterprise/DatasmithCADImporter/DatasmithCADImporter.uplugin	157
DatasmithRuntime	uplugin	Engine/Plugins/Experimental/Enterprise/DatasmithRuntime/DatasmithRuntime.uplugin	18
DatasmithTranslator	uplugin	Engine/Plugins/Enterprise/DatasmithImporter/DatasmithImporter.uplugin	29
DatasmithVREDTranslator	uplugin	Engine/Plugins/Enterprise/DatasmithFBXImporter/DatasmithFBXImporter.uplugin	20
DatasmithWireTranslator2020	uplugin	Engine/Plugins/Enterprise/DatasmithCADImporter/DatasmithCADImporter.uplugin	74
DatasmithWireTranslator2021_3	uplugin	Engine/Plugins/Enterprise/DatasmithCADImporter/DatasmithCADImporter.uplugin	82
DatasmithWireTranslator2022	uplugin	Engine/Plugins/Enterprise/DatasmithCADImporter/DatasmithCADImporter.uplugin	90
DatasmithWireTranslator2022_1	uplugin	Engine/Plugins/Enterprise/DatasmithCADImporter/DatasmithCADImporter.uplugin	98
DatasmithWireTranslator2022_2	uplugin	Engine/Plugins/Enterprise/DatasmithCADImporter/DatasmithCADImporter.uplugin	106
DatasmithWireTranslator2023_0	uplugin	Engine/Plugins/Enterprise/DatasmithCADImporter/DatasmithCADImporter.uplugin	114
DatasmithWireTranslator2023_1	uplugin	Engine/Plugins/Enterprise/DatasmithCADImporter/DatasmithCADImporter.uplugin	122
DecoupledOutputProvider	uplugin	Engine/Plugins/VirtualProduction/VirtualCameraCore/VirtualCameraCore.uplugin	19
DefaultInstallBundleManager	uplugin	Engine/Plugins/Experimental/DefaultInstallBundleManager/DefaultInstallBundleManager.uplugin	18
DerivedDataCache	build.cs	Engine/Source/Developer/DerivedDataCache/DerivedDataCache.Build.cs	6
DerivedDataEditor	build.cs	Engine/Source/Editor/DerivedDataEditor/DerivedDataEditor.Build.cs	5
DesktopPlatform	build.cs	Engine/Source/Developer/DesktopPlatform/DesktopPlatform.Build.cs	5
DesktopWidgets	build.cs	Engine/Source/Developer/DesktopWidgets/DesktopWidgets.Build.cs	5
DetailCustomizations	build.cs	Engine/Source/Editor/DetailCustomizations/DetailCustomizations.Build.cs	5
DeveloperSettings	build.cs	Engine/Source/Runtime/DeveloperSettings/DeveloperSettings.Build.cs	5
DeveloperToolSettings	build.cs	Engine/Source/Developer/DeveloperToolSettings/DeveloperToolSettings.Build.cs	6
DeviceManager	build.cs	Engine/Source/Developer/DeviceManager/DeviceManager.Build.cs	5
DeviceProfileEditor	build.cs	Engine/Source/Editor/DeviceProfileEditor/DeviceProfileEditor.Build.cs	5
DeviceProfileServices	build.cs	Engine/Source/Editor/DeviceProfileServices/DeviceProfileServices.Build.cs	5
DirectLink	build.cs	Engine/Source/Runtime/Datasmith/DirectLink/DirectLink.Build.cs	5
DirectLinkExtension	uplugin	Engine/Plugins/Enterprise/DatasmithImporter/DatasmithImporter.uplugin	39
DirectLinkExtensionEditor	uplugin	Engine/Plugins/Enterprise/DatasmithImporter/DatasmithImporter.uplugin	44
DirectLinkTest	uplugin	Engine/Plugins/Enterprise/DatasmithImporter/DatasmithImporter.uplugin	54
DirectML	build.cs	Engine/Source/ThirdParty/DirectML/DirectML.Build.cs	7
DirectShow	build.cs	Engine/Source/ThirdParty/DirectShow/DirectShow.Build.cs	6
DirectSound	build.cs	Engine/Source/ThirdParty/Windows/DirectSound/DirectSound.Build.cs	5
DirectX	build.cs	Engine/Source/ThirdParty/Windows/DirectX/DirectX.Build.cs	7
DirectoryWatcher	build.cs	Engine/Source/Developer/DirectoryWatcher/DirectoryWatcher.Build.cs	5
DisasterRecoveryClient	uplugin	Engine/Plugins/Developer/Concert/ConcertApp/DisasterRecoveryClient/DisasterRecoveryClient.uplugin	19
DiscoveryBeaconReceiver	uplugin	Engine/Plugins/DiscoveryBeaconReceiver/DiscoveryBeaconReceiver.uplugin	19
DisplayCluster	uplugin	Engine/Plugins/Runtime/nDisplay/nDisplay.uplugin	23
DisplayClusterColorGrading	uplugin	Engine/Plugins/Runtime/nDisplay/nDisplay.uplugin	139
DisplayClusterConfiguration	uplugin	Engine/Plugins/Runtime/nDisplay/nDisplay.uplugin	85
DisplayClusterConfigurator	uplugin	Engine/Plugins/Runtime/nDisplay/nDisplay.uplugin	103
DisplayClusterEditor	uplugin	Engine/Plugins/Runtime/nDisplay/nDisplay.uplugin	41
DisplayClusterFillDerivedDataCache	uplugin	Engine/Plugins/Runtime/nDisplay/nDisplay.uplugin	32
DisplayClusterLaunchEditor	uplugin	Engine/Plugins/Editor/DisplayClusterLaunch/DisplayClusterLaunch.uplugin	47
DisplayClusterLightCardEditor	uplugin	Engine/Plugins/Runtime/nDisplay/nDisplay.uplugin	112
DisplayClusterLightCardEditorShaders	uplugin	Engine/Plugins/Runtime/nDisplay/nDisplay.uplugin	121
DisplayClusterLightCardExtender	uplugin	Engine/Plugins/Runtime/nDisplayModularFeatures/nDisplayModularFeatures.uplugin	19
DisplayClusterMedia	uplugin	Engine/Plugins/Runtime/nDisplay/nDisplay.uplugin	165
DisplayClusterMediaEditor	uplugin	Engine/Plugins/Runtime/nDisplay/nDisplay.uplugin	174
DisplayClusterMessageInterception	uplugin	Engine/Plugins/Runtime/nDisplay/nDisplay.uplugin	77
DisplayClusterModularFeaturesEditor	uplugin	Engine/Plugins/Runtime/nDisplayModularFeatures/nDisplayModularFeatures.uplugin	24
DisplayClusterMoviePipeline	uplugin	Engine/Plugins/Runtime/nDisplay/nDisplay.uplugin	200
DisplayClusterMoviePipelineEditor	uplugin	Engine/Plugins/Runtime/nDisplay/nDisplay.uplugin	209
DisplayClusterMultiUser	uplugin	Engine/Plugins/Runtime/nDisplay/nDisplay.uplugin	183
DisplayClusterOperator	uplugin	Engine/Plugins/Runtime/nDisplay/nDisplay.uplugin	94
DisplayClusterProjection	uplugin	Engine/Plugins/Runtime/nDisplay/nDisplay.uplugin	50
DisplayClusterRemoteControlInterceptor	uplugin	Engine/Plugins/Runtime/nDisplay/nDisplay.uplugin	156
DisplayClusterReplication	uplugin	Engine/Plugins/Runtime/nDisplay/nDisplay.uplugin	236
DisplayClusterScenePreview	uplugin	Engine/Plugins/Runtime/nDisplay/nDisplay.uplugin	130
DisplayClusterShaders	uplugin	Engine/Plugins/Runtime/nDisplay/nDisplay.uplugin	68
DisplayClusterStageMonitoring	uplugin	Engine/Plugins/Runtime/nDisplay/nDisplay.uplugin	148
DisplayClusterTests	uplugin	Engine/Plugins/Runtime/nDisplay/nDisplay.uplugin	191
DisplayClusterWarp	uplugin	Engine/Plugins/Runtime/nDisplay/nDisplay.uplugin	59
DistCurveEditor	build.cs	Engine/Source/Editor/DistCurveEditor/DistCurveEditor.Build.cs	5
DistributedBuildInterface	build.cs	Engine/Source/Developer/DistributedBuildInterface/DistributedBuildInterface.build.cs	5
Documentation	build.cs	Engine/Source/Editor/Documentation/Documentation.Build.cs	5
DotNetPerforceLib	build.cs	Engine/Source/Programs/Shared/EpicGames.Perforce.Native/DotNetPerforceLib.Build.cs	8
DrawPrimitiveDebugger	build.cs	Engine/Source/Developer/DrawPrimitiveDebugger/DrawPrimitiveDebugger.Build.cs	5
DummyMeshReconstructor	uplugin	Engine/Plugins/Runtime/MeshReconstruction/DummyMeshReconstructor/DummyMeshReconstructor.uplugin	20
DumpGPUServices	uplugin	Engine/Plugins/Developer/DumpGPUServices/DumpGPUServices.uplugin	20
DynamicMaterial	uplugin	Engine/Plugins/Experimental/DynamicMaterial/DynamicMaterial.uplugin	19
DynamicMaterialEditor	uplugin	Engine/Plugins/Experimental/DynamicMaterial/DynamicMaterial.uplugin	24
DynamicMesh	uplugin	Engine/Plugins/Runtime/GeometryProcessing/GeometryProcessing.uplugin	23
EOSOverlayInputProvider	uplugin	Engine/Plugins/Online/EOSOverlayInputProvider/EOSOverlayInputProvider.uplugin	14
EOSSDK	build.cs	Engine/Source/ThirdParty/EOSSDK/EOSSDK.Build.cs	11
EOSShared	uplugin	Engine/Plugins/Online/EOSShared/EOSShared.uplugin	15
EOSVoiceChat	uplugin	Engine/Plugins/Online/VoiceChat/EOSVoiceChat/EOSVoiceChat.uplugin	15
EditorAnalyticsSession	build.cs	Engine/Source/Developer/EditorAnalyticsSession/EditorAnalyticsSession.Build.cs	5
EditorConfig	build.cs	Engine/Source/Editor/EditorConfig/EditorConfig.Build.cs	5
EditorDebugTools	uplugin	Engine/Plugins/Editor/EditorDebugTools/EditorDebugTools.uplugin	20
EditorFramework	build.cs	Engine/Source/Editor/EditorFramework/EditorFramework.Build.cs	5
EditorInteractiveToolsFramework	build.cs	Engine/Source/Editor/Experimental/EditorInteractiveToolsFramework/EditorInteractiveToolsFramework.Build.cs	5
EditorPerformanceModule	uplugin	Engine/Plugins/Editor/EditorPerformanceModule/EditorPerformanceModule.uplugin	20
EditorScriptableToolsFramework	uplugin	Engine/Plugins/Runtime/ScriptableToolsFramework/ScriptableToolsFramework.uplugin	24
EditorScriptingUtilities	uplugin	Engine/Plugins/Editor/EditorScriptingUtilities/EditorScriptingUtilities.uplugin	20
EditorSettingsViewer	build.cs	Engine/Source/Editor/EditorSettingsViewer/EditorSettingsViewer.Build.cs	5
EditorStyle	build.cs	Engine/Source/Editor/EditorStyle/EditorStyle.Build.cs	5
EditorSubsystem	build.cs	Engine/Source/Editor/EditorSubsystem/EditorSubsystem.Build.cs	5
EditorSysConfigAssistant	uplugin	Engine/Plugins/Editor/EditorSysConfigAssistant/EditorSysConfigAssistant.uplugin	20
EditorTests	uplugin	Engine/Plugins/Tests/EditorTests/EditorTests.uplugin	19
EditorTraceUtilities	uplugin	Engine/Plugins/TraceUtilities/TraceUtilities.uplugin	24
EditorWidgets	build.cs	Engine/Source/Editor/EditorWidgets/EditorWidgets.Build.cs	5
Eigen	build.cs	Engine/Source/ThirdParty/Eigen/Eigen.Build.cs	6
ElectraBase	uplugin	Engine/Plugins/Media/ElectraUtil/ElectraUtil.uplugin	19
ElectraCDM	uplugin	Engine/Plugins/Media/ElectraCDM/ElectraCDM.uplugin	19
ElectraCodecFactory	uplugin	Engine/Plugins/Media/ElectraCodecs/ElectraCodecs.uplugin	26
ElectraDecoders	uplugin	Engine/Plugins/Media/ElectraCodecs/ElectraCodecs.uplugin	19
ElectraHTTPStream	uplugin	Engine/Plugins/Media/ElectraUtil/ElectraUtil.uplugin	33
ElectraPlayerFactory	uplugin	Engine/Plugins/Media/ElectraPlayer/ElectraPlayer.uplugin	39
ElectraPlayerPlugin	uplugin	Engine/Plugins/Media/ElectraPlayer/ElectraPlayer.uplugin	32
ElectraPlayerPluginHandler	uplugin	Engine/Plugins/Media/ElectraPlayer/ElectraPlayer.uplugin	19
ElectraPlayerRuntime	uplugin	Engine/Plugins/Media/ElectraPlayer/ElectraPlayer.uplugin	25
ElectraSamples	uplugin	Engine/Plugins/Media/ElectraUtil/ElectraUtil.uplugin	26
ElectraSubtitles	uplugin	Engine/Plugins/Media/ElectraSubtitles/ElectraSubtitles.uplugin	19
Embree3	build.cs	Engine/Source/ThirdParty/Intel/Embree/Embree3.Build.cs	7
EncoderAMF	uplugin	Engine/Plugins/Media/HardwareEncoders/HardwareEncoders.uplugin	16
EncoderNVENC	uplugin	Engine/Plugins/Media/HardwareEncoders/HardwareEncoders.uplugin	22
EncryptionHandlerComponent	build.cs	Engine/Source/Runtime/PacketHandlers/EncryptionComponents/EncryptionHandlerComponent/EncryptionHandlerComponent.Build.cs	6
Engine	build.cs	Engine/Source/Runtime/Engine/Engine.Build.cs	6
EngineAssetDefinitions	uplugin	Engine/Plugins/Editor/EngineAssetDefinitions/EngineAssetDefinitions.uplugin	20
EngineMessages	build.cs	Engine/Source/Runtime/EngineMessages/EngineMessages.Build.cs	5
EngineSettings	build.cs	Engine/Source/Runtime/EngineSettings/EngineSettings.Build.cs	5
EnhancedInput	uplugin	Engine/Plugins/EnhancedInput/EnhancedInput.uplugin	19
EnvironmentLightingViewer	build.cs	Engine/Source/Editor/EnvironmentLightingViewer/EnvironmentLightingViewer.Build.cs	5
EnvironmentQueryEditor	uplugin	Engine/Plugins/AI/EnvironmentQueryEditor/EnvironmentQueryEditor.uplugin	19
EpicStageApp	uplugin	Engine/Plugins/VirtualProduction/EpicStageApp/EpicStageApp.uplugin	19
EventLoop	build.cs	Engine/Source/Runtime/Online/Experimental/EventLoop/EventLoop.Build.cs	5
EventLoopUnitTests	build.cs	Engine/Source/Runtime/Online/Experimental/EventLoopTests/EventLoopUnitTests.Build.cs	4
ExampleCharacterFXEditor	uplugin	Engine/Plugins/Experimental/CharacterFXEditor/ExampleCharacterFXEditor/ExampleCharacterFXEditor.uplugin	18
ExampleCustomDataInterface	uplugin	Engine/Plugins/FX/ExampleCustomDataInterface/ExampleCustomDataInterface.uplugin	19
ExampleDeviceProfileSelector	uplugin	Engine/Plugins/Runtime/ExampleDeviceProfileSelector/ExampleDeviceProfileSelector.uplugin	20
Expat	build.cs	Engine/Source/ThirdParty/Expat/Expat.Build.cs	7
ExrReaderGpu	uplugin	Engine/Plugins/Media/ImgMedia/ImgMedia.uplugin	51
ExternalImagePicker	build.cs	Engine/Source/Developer/ExternalImagePicker/ExternalImagePicker.Build.cs	5
ExternalRpcRegistry	build.cs	Engine/Source/Runtime/ExternalRPCRegistry/ExternalRpcRegistry.Build.cs	5
ExternalSource	uplugin	Engine/Plugins/Enterprise/DatasmithImporter/DatasmithImporter.uplugin	49
EyeTracker	build.cs	Engine/Source/Runtime/EyeTracker/EyeTracker.Build.cs	5
FBX	build.cs	Engine/Source/ThirdParty/FBX/FBX.Build.cs	6
Fab	uplugin	Engine/Plugins/Fab/Fab.uplugin	18
Facebook	build.cs	Engine/Source/ThirdParty/Facebook/Facebook.Build.cs	6
FacialAnimation	uplugin	Engine/Plugins/Editor/FacialAnimation/FacialAnimation.uplugin	20
FacialAnimationEditor	uplugin	Engine/Plugins/Editor/FacialAnimation/FacialAnimation.uplugin	25
FastBuildController	uplugin	Engine/Plugins/FastBuildController/FastBuildController.uplugin	21
FbxAutomationTestBuilder	uplugin	Engine/Plugins/Tests/FbxAutomationTestBuilder/FbxAutomationTestBuilder.uplugin	19
FieldNotification	build.cs	Engine/Source/Runtime/FieldNotification/FieldNotification.Build.cs	5
FieldSystemEditor	uplugin	Engine/Plugins/Experimental/FieldSystemPlugin/FieldSystemPlugin.uplugin	19
FieldSystemEngine	build.cs	Engine/Source/Runtime/Experimental/FieldSystem/Source/FieldSystemEngine/FieldSystemEngine.Build.cs	5
FileLogging	uplugin	Engine/Plugins/Runtime/Analytics/FileLogging/FileLogging.uplugin	20
FileUtilities	build.cs	Engine/Source/Developer/FileUtilities/FileUtilities.Build.cs	5
Firebase	uplugin	Engine/Plugins/Runtime/Firebase/Firebase.uplugin	18
FloatingProperties	uplugin	Engine/Plugins/Experimental/FloatingProperties/FloatingProperties.uplugin	19
FlurryEditor	uplugin	Engine/Plugins/Runtime/Analytics/Flurry/Flurry.uplugin	20
Foliage	build.cs	Engine/Source/Runtime/Foliage/Foliage.Build.cs	5
FoliageEdit	build.cs	Engine/Source/Editor/FoliageEdit/FoliageEdit.build.cs	5
FoliageSupport	uplugin	Engine/Plugins/VirtualProduction/LevelSnapshots/LevelSnapshots.uplugin	35
FontEditor	build.cs	Engine/Source/Editor/FontEditor/FontEditor.Build.cs	5
ForsythTriOptimizer	build.cs	Engine/Source/ThirdParty/ForsythTriOO/ForsythTriOptimizer.Build.cs	5
FractureEditor	uplugin	Engine/Plugins/Experimental/ChaosEditor/ChaosEditor.uplugin	19
FractureEngine	uplugin	Engine/Plugins/Experimental/Fracture/Fracture.uplugin	19
FreeImage	build.cs	Engine/Source/ThirdParty/FreeImage/FreeImage.Build.cs	5
FreeType2	build.cs	Engine/Source/ThirdParty/FreeType2/FreeType2.Build.cs	7
FriendsAndChat	build.cs	Engine/Source/Runtime/FriendsAndChat/FriendsAndChat.Build.cs	5
FullBodyIK	uplugin	Engine/Plugins/Experimental/FullBodyIK/FullBodyIK.uplugin	25
FunctionalTesting	build.cs	Engine/Source/Developer/FunctionalTesting/FunctionalTesting.Build.cs	5
FunctionalTestingEditor	uplugin	Engine/Plugins/Tests/FunctionalTestingEditor/FunctionalTestingEditor.uplugin	19
GLTFCore	uplugin	Engine/Plugins/Interchange/Runtime/Interchange.uplugin	25
GLTFExporter	uplugin	Engine/Plugins/Enterprise/GLTFExporter/GLTFExporter.uplugin	16
GPUDirect	build.cs	Engine/Source/ThirdParty/NVIDIA/GPUDirect/GPUDirect.Build.cs	5
GPULightmass	uplugin	Engine/Plugins/Experimental/GPULightmass/GPULightmass.uplugin	20
GPULightmassEditor	uplugin	Engine/Plugins/Experimental/GPULightmass/GPULightmass.uplugin	28
GPUTextureTransfer	uplugin	Engine/Plugins/Media/MediaIOFramework/MediaIOFramework.uplugin	28
GameFeatures	uplugin	Engine/Plugins/Runtime/GameFeatures/GameFeatures.uplugin	19
GameFeaturesEditor	uplugin	Engine/Plugins/Runtime/GameFeatures/GameFeatures.uplugin	24
GameInputBase	uplugin	Engine/Plugins/Runtime/GameInput/GameInput.uplugin	18
GameInputBaseEditor	uplugin	Engine/Plugins/Runtime/GameInput/GameInput.uplugin	25
GameInputWindows	uplugin	Engine/Plugins/Experimental/GameInputWindows/GameInputWindows.uplugin	20
GameMenuBuilder	build.cs	Engine/Source/Runtime/GameMenuBuilder/GameMenuBuilder.Build.cs	5
GameProjectGeneration	build.cs	Engine/Source/Editor/GameProjectGeneration/GameProjectGeneration.Build.cs	5
GameplayAbilities	uplugin	Engine/Plugins/Runtime/GameplayAbilities/GameplayAbilities.uplugin	20
GameplayAbilitiesEditor	uplugin	Engine/Plugins/Runtime/GameplayAbilities/GameplayAbilities.uplugin	25
GameplayBehaviorSmartObjectsModule	uplugin	Engine/Plugins/Runtime/GameplayBehaviorSmartObjects/GameplayBehaviorSmartObjects.uplugin	19
GameplayBehaviorsEditorModule	uplugin	Engine/Plugins/Experimental/GameplayBehaviors/GameplayBehaviors.uplugin	29
GameplayBehaviorsModule	uplugin	Engine/Plugins/Experimental/GameplayBehaviors/GameplayBehaviors.uplugin	19
GameplayCameras	uplugin	Engine/Plugins/Cameras/GameplayCameras/GameplayCameras.uplugin	27
GameplayCamerasEditor	uplugin	Engine/Plugins/Cameras/GameplayCameras/GameplayCameras.uplugin	32
GameplayDebugger	build.cs	Engine/Source/Runtime/GameplayDebugger/GameplayDebugger.Build.cs	5
GameplayDebuggerEditor	build.cs	Engine/Source/Editor/GameplayDebugger/GameplayDebuggerEditor.Build.cs	5
GameplayGraph	uplugin	Engine/Plugins/Experimental/GameplayGraph/GameplayGraph.uplugin	21
GameplayInsights	uplugin	Engine/Plugins/Animation/GameplayInsights/GameplayInsights.uplugin	20
GameplayInsightsEditor	uplugin	Engine/Plugins/Animation/GameplayInsights/GameplayInsights.uplugin	28
GameplayInteractionsModule	uplugin	Engine/Plugins/Runtime/GameplayInteractions/GameplayInteractions.uplugin	20
GameplayMediaEncoder	build.cs	Engine/Source/Runtime/GameplayMediaEncoder/GameplayMediaEncoder.Build.cs	7
GameplayStateTreeModule	uplugin	Engine/Plugins/Runtime/GameplayStateTree/GameplayStateTree.uplugin	19
GameplayTags	build.cs	Engine/Source/Runtime/GameplayTags/GameplayTags.Build.cs	5
GameplayTagsEditor	uplugin	Engine/Plugins/Editor/GameplayTagsEditor/GameplayTagsEditor.uplugin	20
GameplayTasks	build.cs	Engine/Source/Runtime/GameplayTasks/GameplayTasks.Build.cs	5
GameplayTasksEditor	build.cs	Engine/Source/Editor/GameplayTasksEditor/GameplayTasksEditor.Build.cs	5
Gauntlet	uplugin	Engine/Plugins/Experimental/Gauntlet/Gauntlet.uplugin	19
GeForceNOW	build.cs	Engine/Source/ThirdParty/NVIDIA/GeForceNOW/GeForceNOW.Build.cs	5
GeForceNOWWrapper	uplugin	Engine/Plugins/Runtime/Nvidia/GeForceNOWWrapper/GeForceNOWWrapper.uplugin	15
GeoReferencing	uplugin	Engine/Plugins/Runtime/GeoReferencing/GeoReferencing.uplugin	19
GeoReferencingEditor	uplugin	Engine/Plugins/Runtime/GeoReferencing/GeoReferencing.uplugin	31
GeometryAlgorithms	uplugin	Engine/Plugins/Runtime/GeometryProcessing/GeometryProcessing.uplugin	18
GeometryCache	uplugin	Engine/Plugins/Runtime/GeometryCache/GeometryCache.uplugin	53
GeometryCacheAbcFile	uplugin	Engine/Plugins/Experimental/GeometryCacheAbcFile/GeometryCacheAbcFile.uplugin	19
GeometryCacheEd	uplugin	Engine/Plugins/Runtime/GeometryCache/GeometryCache.uplugin	25
GeometryCacheSequencer	uplugin	Engine/Plugins/Runtime/GeometryCache/GeometryCache.uplugin	34
GeometryCacheStreamer	uplugin	Engine/Plugins/Runtime/GeometryCache/GeometryCache.uplugin	43
GeometryCacheTracks	uplugin	Engine/Plugins/Runtime/GeometryCache/GeometryCache.uplugin	58
GeometryCacheUSD	uplugin	Engine/Plugins/Importers/USDImporter/USDImporter.uplugin	96
GeometryCollectionEditor	uplugin	Engine/Plugins/Experimental/GeometryCollectionPlugin/GeometryCollectionPlugin.uplugin	19
GeometryCollectionEngine	build.cs	Engine/Source/Runtime/Experimental/GeometryCollectionEngine/GeometryCollectionEngine.Build.cs	5
GeometryCollectionNodes	uplugin	Engine/Plugins/Experimental/GeometryCollectionPlugin/GeometryCollectionPlugin.uplugin	34
GeometryCollectionSequencer	uplugin	Engine/Plugins/Experimental/GeometryCollectionPlugin/GeometryCollectionPlugin.uplugin	29
GeometryCollectionTracks	uplugin	Engine/Plugins/Experimental/GeometryCollectionPlugin/GeometryCollectionPlugin.uplugin	24
GeometryCore	build.cs	Engine/Source/Runtime/GeometryCore/GeometryCore.Build.cs	5
GeometryFlowCore	uplugin	Engine/Plugins/Experimental/GeometryFlow/GeometryFlow.uplugin	19
GeometryFlowMeshProcessing	uplugin	Engine/Plugins/Experimental/GeometryFlow/GeometryFlow.uplugin	24
GeometryFlowMeshProcessingEditor	uplugin	Engine/Plugins/Experimental/GeometryFlow/GeometryFlow.uplugin	29
GeometryFramework	build.cs	Engine/Source/Runtime/GeometryFramework/GeometryFramework.Build.cs	5
GeometryMask	uplugin	Engine/Plugins/Experimental/GeometryMask/GeometryMask.uplugin	18
GeometryMaskEditor	uplugin	Engine/Plugins/Experimental/GeometryMask/GeometryMask.uplugin	23
GeometryMode	uplugin	Engine/Plugins/Editor/GeometryMode/GeometryMode.uplugin	19
GeometryProcessingAdapters	uplugin	Engine/Plugins/Experimental/MeshModelingToolsetExp/MeshModelingToolsetExp.uplugin	29
GeometryProcessingInterfaces	build.cs	Engine/Source/Developer/GeometryProcessingInterfaces/GeometryProcessingInterfaces.Build.cs	6
GeometryScriptingCore	uplugin	Engine/Plugins/Runtime/GeometryScripting/GeometryScripting.uplugin	19
GeometryScriptingEditor	uplugin	Engine/Plugins/Runtime/GeometryScripting/GeometryScripting.uplugin	24
GitSourceControl	uplugin	Engine/Plugins/Developer/GitSourceControl/GitSourceControl.uplugin	20
GizmoEdMode	uplugin	Engine/Plugins/Experimental/GizmoEdMode/GizmoEdMode.uplugin	19
GizmoSettings	uplugin	Engine/Plugins/Experimental/GizmoFramework/GizmoFramework.uplugin	19
GoogleARCoreBase	uplugin	Engine/Plugins/Runtime/AR/Google/GoogleARCore/GoogleARCore.uplugin	20
GoogleARCoreRendering	uplugin	Engine/Plugins/Runtime/AR/Google/GoogleARCore/GoogleARCore.uplugin	25
GoogleARCoreSDK	build.cs	Engine/Source/ThirdParty/GoogleARCore/GoogleARCoreSDK.build.cs	6
GoogleARCoreServices	uplugin	Engine/Plugins/Runtime/AR/Google/GoogleARCoreServices/GoogleARCoreServices.uplugin	17
GoogleCloudMessaging	uplugin	Engine/Plugins/Runtime/GoogleCloudMessaging/GoogleCloudMessaging.uplugin	14
GoogleGameSDK	build.cs	Engine/Source/ThirdParty/GoogleGameSDK/GoogleGameSDK.Build.cs	7
GoogleOboe	build.cs	Engine/Source/ThirdParty/GoogleOboe/GoogleOboe.Build.cs	6
GooglePAD	uplugin	Engine/Plugins/Runtime/GooglePAD/GooglePAD.uplugin	20
GooglePADEditor	uplugin	Engine/Plugins/Runtime/GooglePAD/GooglePAD.uplugin	26
GoogleTest	build.cs	Engine/Source/ThirdParty/GoogleTest/GoogleTest.Build.cs	6
GraphColor	build.cs	Engine/Source/Developer/GraphColor/GraphColor.Build.cs	5
GraphEditor	build.cs	Engine/Source/Editor/GraphEditor/GraphEditor.Build.cs	5
HAPDecoderElectra	uplugin	Engine/Plugins/Media/HAPDecoderElectra/HAPDecoderElectra.uplugin	17
HAPLib	build.cs	Engine/Source/ThirdParty/HAPMedia/HAPLib/HAPLib.Build.cs	6
HAPMedia	uplugin	Engine/Plugins/Media/HAPMedia/HAPMedia.uplugin	17
HDRIBackdrop	uplugin	Engine/Plugins/Runtime/HDRIBackdrop/HDRIBackdrop.uplugin	19
HLSLCC	build.cs	Engine/Source/ThirdParty/hlslcc/HLSLCC.Build.cs	5
HPMotionController	uplugin	Engine/Plugins/Runtime/HPMotionController/HPMotionController.uplugin	22
HTNPlanner	uplugin	Engine/Plugins/AI/HTNPlanner/HTNPlanner.uplugin	20
HTNTestSuite	uplugin	Engine/Plugins/AI/HTNPlanner/HTNPlanner.uplugin	25
HTTP	build.cs	Engine/Source/Runtime/Online/HTTP/HTTP.Build.cs	5
HTTPChunkInstaller	uplugin	Engine/Plugins/Runtime/HTTPChunkInstaller/HTTPChunkInstaller.uplugin	15
HTTPServer	build.cs	Engine/Source/Runtime/Online/HTTPServer/HttpServer.Build.cs	5
HWCPipe	build.cs	Engine/Source/ThirdParty/HWCPipe/HWCPipe.Build.cs	6
HairCardGeneratorEditor	uplugin	Engine/Plugins/Experimental/HairCardGenerator/HairCardGenerator.uplugin	20
HairCardGeneratorFramework	uplugin	Engine/Plugins/Runtime/HairStrands/HairStrands.uplugin	43
HairModelingToolset	uplugin	Engine/Plugins/Experimental/HairModelingToolset/HairModelingToolset.uplugin	19
HairStrandsCore	uplugin	Engine/Plugins/Runtime/HairStrands/HairStrands.uplugin	19
HairStrandsDeformer	uplugin	Engine/Plugins/Runtime/HairStrands/HairStrands.uplugin	24
HairStrandsEditor	uplugin	Engine/Plugins/Runtime/HairStrands/HairStrands.uplugin	38
HairStrandsRuntime	uplugin	Engine/Plugins/Runtime/HairStrands/HairStrands.uplugin	33
HardwareSurvey	build.cs	Engine/Source/Runtime/HardwareSurvey/HardwareSurvey.Build.cs	5
HardwareTargeting	build.cs	Engine/Source/Editor/HardwareTargeting/HardwareTargeting.Build.cs	5
HarfBuzz	build.cs	Engine/Source/ThirdParty/HarfBuzz/HarfBuzz.Build.cs	6
Harmonix	uplugin	Engine/Plugins/Runtime/Harmonix/Harmonix.uplugin	20
HarmonixDsp	uplugin	Engine/Plugins/Runtime/Harmonix/Harmonix.uplugin	30
HarmonixDspEditor	uplugin	Engine/Plugins/Runtime/Harmonix/Harmonix.uplugin	40
HarmonixDspTests	uplugin	Engine/Plugins/Runtime/Harmonix/Harmonix.uplugin	35
HarmonixEditor	uplugin	Engine/Plugins/Runtime/Harmonix/Harmonix.uplugin	25
HarmonixMetasound	uplugin	Engine/Plugins/Runtime/Harmonix/Harmonix.uplugin	60
HarmonixMetasoundEditor	uplugin	Engine/Plugins/Runtime/Harmonix/Harmonix.uplugin	65
HarmonixMetasoundTests	uplugin	Engine/Plugins/Runtime/Harmonix/Harmonix.uplugin	70
HarmonixMidi	uplugin	Engine/Plugins/Runtime/Harmonix/Harmonix.uplugin	45
HarmonixMidiEditor	uplugin	Engine/Plugins/Runtime/Harmonix/Harmonix.uplugin	50
HarmonixMidiTests	uplugin	Engine/Plugins/Runtime/Harmonix/Harmonix.uplugin	55
HeadMountedDisplay	build.cs	Engine/Source/Runtime/HeadMountedDisplay/HeadMountedDisplay.Build.cs	6
HierarchicalLODOutliner	build.cs	Engine/Source/Editor/HierarchicalLODOutliner/HierarchicalLODOutliner.Build.cs	5
HierarchicalLODUtilities	build.cs	Engine/Source/Developer/HierarchicalLODUtilities/HierarchicalLODUtilities.Build.cs	4
Horde	build.cs	Engine/Source/Developer/Horde/Horde.Build.cs	6
HotReload	build.cs	Engine/Source/Developer/HotReload/HotReload.Build.cs	4
Hotfix	uplugin	Engine/Plugins/Online/OnlineFramework/OnlineFramework.uplugin	31
HttpBlueprint	uplugin	Engine/Plugins/Web/HttpBlueprint/HttpBlueprint.uplugin	20
HttpBlueprintGraph	uplugin	Engine/Plugins/Web/HttpBlueprint/HttpBlueprint.uplugin	25
HttpNetworkReplayStreaming	build.cs	Engine/Source/Runtime/NetworkReplayStreaming/HttpNetworkReplayStreaming/HttpNetworkReplayStreaming.Build.cs	5
ICU	build.cs	Engine/Source/ThirdParty/ICU/ICU.Build.cs	7
ICVFXTesting	uplugin	Engine/Plugins/VirtualProduction/ICVFXTesting/ICVFXTesting.uplugin	33
IESFile	build.cs	Engine/Source/Runtime/IESFile/IESFile.Build.cs	5
IKRig	uplugin	Engine/Plugins/Animation/IKRig/IKRig.uplugin	30
IKRigDeveloper	uplugin	Engine/Plugins/Animation/IKRig/IKRig.uplugin	35
IKRigEditor	uplugin	Engine/Plugins/Animation/IKRig/IKRig.uplugin	40
IOSAdjust	uplugin	Engine/Plugins/Runtime/Analytics/Adjust/Adjust.uplugin	34
IOSAdvertising	build.cs	Engine/Source/Runtime/Advertising/IOS/IOSAdvertising/IOSAdvertising.Build.cs	5
IOSAudio	build.cs	Engine/Source/Runtime/IOS/IOSAudio/IOSAudio.Build.cs	5
IOSDeviceProfileSelector	uplugin	Engine/Plugins/Runtime/IOSDeviceProfileSelector/IOSDeviceProfileSelector.uplugin	20
IOSFlurry	uplugin	Engine/Plugins/Runtime/Analytics/Flurry/Flurry.uplugin	25
IOSLocalNotification	build.cs	Engine/Source/Runtime/IOS/IOSLocalNotification/IOSLocalNotification.Build.cs	5
IOSPlatformEditor	build.cs	Engine/Source/Developer/IOS/IOSPlatformEditor/IOSPlatformEditor.Build.cs	5
IOSPlatformFeatures	build.cs	Engine/Source/Runtime/IOS/IOSPlatformFeatures/IOSPlatformFeatures.Build.cs	5
IOSReplayKit	uplugin	Engine/Plugins/Runtime/IOSReplayKit/IOSReplayKit.uplugin	14
IOSRuntimeSettings	build.cs	Engine/Source/Runtime/IOS/IOSRuntimeSettings/IOSRuntimeSettings.Build.cs	5
IOSTapJoy	uplugin	Engine/Plugins/Runtime/Advertising/IOSTapJoy/IOSTapJoy.uplugin	20
IOSTargetPlatform	build.cs	Engine/Source/Developer/IOS/IOSTargetPlatform/IOSTargetPlatform.Build.cs	5
IPC	build.cs	Engine/Source/Runtime/IPC/IPC.Build.cs	5
Icmp	build.cs	Engine/Source/Runtime/Online/ICMP/Icmp.Build.cs	5
ImageCore	build.cs	Engine/Source/Runtime/ImageCore/ImageCore.Build.cs	5
ImageDownload	build.cs	Engine/Source/Runtime/Online/ImageDownload/ImageDownload.Build.cs	5
ImagePlate	uplugin	Engine/Plugins/Experimental/ImagePlate/ImagePlate.uplugin	19
ImagePlateEditor	uplugin	Engine/Plugins/Experimental/ImagePlate/ImagePlate.uplugin	24
ImageWrapper	build.cs	Engine/Source/Runtime/ImageWrapper/ImageWrapper.Build.cs	5
ImageWriteQueue	build.cs	Engine/Source/Runtime/ImageWriteQueue/ImageWriteQueue.Build.cs	5
Imath	build.cs	Engine/Source/ThirdParty/Imath/Imath.Build.cs	6
ImgMedia	uplugin	Engine/Plugins/Media/ImgMedia/ImgMedia.uplugin	20
ImgMediaEditor	uplugin	Engine/Plugins/Media/ImgMedia/ImgMedia.uplugin	25
ImgMediaEngine	uplugin	Engine/Plugins/Media/ImgMedia/ImgMedia.uplugin	30
ImgMediaFactory	uplugin	Engine/Plugins/Media/ImgMedia/ImgMedia.uplugin	35
InMemoryNetworkReplayStreaming	build.cs	Engine/Source/Runtime/NetworkReplayStreaming/InMemoryNetworkReplayStreaming/InMemoryNetworkReplayStreaming.build.cs	5
InputBindingEditor	build.cs	Engine/Source/Editor/InputBindingEditor/InputBindingEditor.Build.cs	5
InputBlueprintNodes	uplugin	Engine/Plugins/EnhancedInput/EnhancedInput.uplugin	24
InputCore	build.cs	Engine/Source/Runtime/InputCore/InputCore.Build.cs	5
InputDebugging	uplugin	Engine/Plugins/Runtime/InputDebugging/InputDebugging.uplugin	19
InputDebuggingEditor	uplugin	Engine/Plugins/Runtime/InputDebugging/InputDebugging.uplugin	25
InputDevice	build.cs	Engine/Source/Runtime/InputDevice/InputDevice.Build.cs	5
InputEditor	uplugin	Engine/Plugins/EnhancedInput/EnhancedInput.uplugin	29
InstallBundleManager	build.cs	Engine/Source/Runtime/InstallBundleManager/InstallBundleManager.Build.cs	5
InstanceDataObjectFixupTool	uplugin	Engine/Plugins/Experimental/InstanceDataObjectFixupTool/InstanceDataObjectFixupTool.uplugin	28
InstancedActors	uplugin	Engine/Plugins/Runtime/InstancedActors/InstancedActors.uplugin	20
InstancedActorsTestSuite	uplugin	Engine/Plugins/Runtime/InstancedActors/InstancedActors.uplugin	24
IntelExtensionsFramework	build.cs	Engine/Source/ThirdParty/Intel/ExtensionsFramework/IntelExtensionsFramework.Build.cs	7
IntelISPC	build.cs	Engine/Source/ThirdParty/Intel/ISPC/IntelISPC.Build.cs	5
IntelISPCTexComp	build.cs	Engine/Source/ThirdParty/Intel/ISPCTexComp/IntelISPCTexComp.Build.cs	5
IntelOIDN	build.cs	Engine/Source/ThirdParty/Intel/OIDN/IntelOIDN.Build.cs	5
IntelTBB	build.cs	Engine/Source/ThirdParty/Intel/TBB/IntelTBB.Build.cs	6
IntelVTune	build.cs	Engine/Source/ThirdParty/Intel/VTune/IntelVTune.Build.cs	5
InteractiveToolsFramework	build.cs	Engine/Source/Runtime/InteractiveToolsFramework/InteractiveToolsFramework.Build.cs	5
InterchangeCommon	uplugin	Engine/Plugins/Interchange/Runtime/Interchange.uplugin	65
InterchangeCommonParser	uplugin	Engine/Plugins/Interchange/Runtime/Interchange.uplugin	70
InterchangeCore	build.cs	Engine/Source/Runtime/Interchange/Core/InterchangeCore.Build.cs	5
InterchangeDispatcher	uplugin	Engine/Plugins/Interchange/Runtime/Interchange.uplugin	60
InterchangeEditor	uplugin	Engine/Plugins/Interchange/Editor/InterchangeEditor.uplugin	24
InterchangeEditorPipelines	uplugin	Engine/Plugins/Interchange/Editor/InterchangeEditor.uplugin	33
InterchangeEditorUtilities	uplugin	Engine/Plugins/Interchange/Editor/InterchangeEditor.uplugin	42
InterchangeEngine	build.cs	Engine/Source/Runtime/Interchange/Engine/InterchangeEngine.Build.cs	5
InterchangeExport	uplugin	Engine/Plugins/Interchange/Runtime/Interchange.uplugin	50
InterchangeFactoryNodes	uplugin	Engine/Plugins/Interchange/Runtime/Interchange.uplugin	35
InterchangeFbxParser	uplugin	Engine/Plugins/Interchange/Runtime/Interchange.uplugin	75
InterchangeImport	uplugin	Engine/Plugins/Interchange/Runtime/Interchange.uplugin	40
InterchangeMessages	uplugin	Engine/Plugins/Interchange/Runtime/Interchange.uplugin	45
InterchangeNodes	uplugin	Engine/Plugins/Interchange/Runtime/Interchange.uplugin	30
InterchangePipelines	uplugin	Engine/Plugins/Interchange/Runtime/Interchange.uplugin	55
InterchangeTestEditor	uplugin	Engine/Plugins/Tests/InterchangeTests/InterchangeTests.uplugin	25
InterchangeTests	uplugin	Engine/Plugins/Tests/InterchangeTests/InterchangeTests.uplugin	20
InternationalizationSettings	build.cs	Engine/Source/Editor/InternationalizationSettings/InternationalizationSettings.Build.cs	5
IntroTutorials	uplugin	Engine/Plugins/Editor/GuidedTutorials/GuidedTutorials.uplugin	20
IoStoreOnDemand	build.cs	Engine/Source/Runtime/Experimental/IoStoreOnDemand/IoStoreOnDemand.Build.cs	5
IoStoreUtilities	build.cs	Engine/Source/Developer/IoStoreUtilities/IoStoreUtilities.Build.cs	5
Iris	uplugin	Engine/Plugins/Experimental/Iris/Iris.uplugin	19
IrisCore	build.cs	Engine/Source/Runtime/Experimental/Iris/Core/IrisCore.Build.cs	5
IrisStub	build.cs	Engine/Source/Runtime/Experimental/Iris/Stub/IrisStub.Build.cs	5
JWT	uplugin	Engine/Plugins/Experimental/JWT/JWT.uplugin	19
Json	build.cs	Engine/Source/Runtime/Json/Json.Build.cs	5
JsonBlueprintGraph	uplugin	Engine/Plugins/JsonBlueprintUtilities/JsonBlueprintUtilities.uplugin	25
JsonBlueprintUtilities	uplugin	Engine/Plugins/JsonBlueprintUtilities/JsonBlueprintUtilities.uplugin	20
JsonSerialization	uplugin	Engine/Plugins/Experimental/SerializationUtils/SerializationUtils.uplugin	19
JsonUtilities	build.cs	Engine/Source/Runtime/JsonUtilities/JsonUtilities.Build.cs	5
KDevelopSourceCodeAccess	uplugin	Engine/Plugins/Developer/KDevelopSourceCodeAccess/KDevelopSourceCodeAccess.uplugin	20
Kismet	build.cs	Engine/Source/Editor/Kismet/Kismet.Build.cs	5
KismetCompiler	build.cs	Engine/Source/Editor/KismetCompiler/KismetCompiler.Build.cs	5
KismetWidgets	build.cs	Engine/Source/Editor/KismetWidgets/KismetWidgets.Build.cs	5
Kiss_FFT	build.cs	Engine/Source/ThirdParty/Kiss_FFT/Kiss_FFT.Build.cs	5
Landmass	uplugin	Engine/Plugins/Experimental/Landmass/Landmass.uplugin	18
LandmassEditor	uplugin	Engine/Plugins/Experimental/Landmass/Landmass.uplugin	24
Landscape	build.cs	Engine/Source/Runtime/Landscape/Landscape.Build.cs	6
LandscapeEditor	build.cs	Engine/Source/Editor/LandscapeEditor/LandscapeEditor.Build.cs	5
LandscapeEditorUtilities	build.cs	Engine/Source/Editor/LandscapeEditorUtilities/LandscapeEditorUtilities.Build.cs	5
LandscapePatch	uplugin	Engine/Plugins/Experimental/LandscapePatch/LandscapePatch.uplugin	18
LandscapePatchEditorOnly	uplugin	Engine/Plugins/Experimental/LandscapePatch/LandscapePatch.uplugin	23
Launch	build.cs	Engine/Source/Runtime/Launch/Launch.Build.cs	6
LaunchDaemonMessages	build.cs	Engine/Source/Runtime/IOS/LaunchDaemonMessages/LaunchDaemonMessages.Build.cs	5
LauncherCheck	build.cs	Engine/Source/Runtime/Portal/LauncherCheck/LauncherCheck.Build.cs	5
LauncherChunkInstaller	uplugin	Engine/Plugins/Portal/LauncherChunkInstaller/LauncherChunkInstaller.uplugin	13
LauncherPlatform	build.cs	Engine/Source/Runtime/Portal/LauncherPlatform/LauncherPlatform.Build.cs	5
LauncherServices	build.cs	Engine/Source/Developer/LauncherServices/LauncherServices.Build.cs	5
Layers	build.cs	Engine/Source/Editor/Layers/Layers.Build.cs	5
Learning	uplugin	Engine/Plugins/Experimental/LearningAgents/LearningAgents.uplugin	20
LearningAgents	uplugin	Engine/Plugins/Experimental/LearningAgents/LearningAgents.uplugin	30
LearningAgentsTraining	uplugin	Engine/Plugins/Experimental/LearningAgents/LearningAgents.uplugin	35
LearningTraining	uplugin	Engine/Plugins/Experimental/LearningAgents/LearningAgents.uplugin	25
LedWallCalibration	uplugin	Engine/Plugins/Experimental/VirtualProduction/LedWallCalibration/LedWallCalibration.uplugin	29
LedWallCalibrationEditor	uplugin	Engine/Plugins/Experimental/VirtualProduction/LedWallCalibration/LedWallCalibration.uplugin	19
LensComponent	uplugin	Engine/Plugins/VirtualProduction/LensComponent/LensComponent.uplugin	20
LensComponentEditor	uplugin	Engine/Plugins/VirtualProduction/LensComponent/LensComponent.uplugin	26
LensDistortion	uplugin	Engine/Plugins/Compositing/LensDistortion/LensDistortion.uplugin	20
LevelEditor	build.cs	Engine/Source/Editor/LevelEditor/LevelEditor.Build.cs	5
LevelInstanceEditor	build.cs	Engine/Source/Editor/LevelInstanceEditor/LevelInstanceEditor.Build.cs	5
LevelSequence	build.cs	Engine/Source/Runtime/LevelSequence/LevelSequence.Build.cs	5
LevelSequenceEditor	uplugin	Engine/Plugins/MovieScene/LevelSequenceEditor/LevelSequenceEditor.uplugin	21
LevelSnapshotFilters	uplugin	Engine/Plugins/VirtualProduction/LevelSnapshots/LevelSnapshots.uplugin	25
LevelSnapshots	uplugin	Engine/Plugins/VirtualProduction/LevelSnapshots/LevelSnapshots.uplugin	20
LevelSnapshotsEditor	uplugin	Engine/Plugins/VirtualProduction/LevelSnapshots/LevelSnapshots.uplugin	30
LevelStreamingPersistence	uplugin	Engine/Plugins/Runtime/LevelStreamingPersistence/LevelStreamingPersistence.uplugin	20
LibJpegTurbo	build.cs	Engine/Source/ThirdParty/libjpeg-turbo/LibJpegTurbo.Build.cs	7
LibOVRPlatform	build.cs	Engine/Source/ThirdParty/Oculus/LibOVRPlatform/LibOVRPlatform.build.cs	6
LibTiff	build.cs	Engine/Source/ThirdParty/LibTiff/LibTiff.Build.cs	5
LibVpx	build.cs	Engine/Source/ThirdParty/libvpx/libvpx.build.cs	6
LidarPointCloudEditor	uplugin	Engine/Plugins/Enterprise/LidarPointCloud/LidarPointCloud.uplugin	34
LidarPointCloudRuntime	uplugin	Engine/Plugins/Enterprise/LidarPointCloud/LidarPointCloud.uplugin	24
LightGizmos	uplugin	Engine/Plugins/Experimental/GizmoEdMode/GizmoEdMode.uplugin	24
LightMixer	uplugin	Engine/Plugins/Editor/ObjectMixer/LightMixer/LightMixer.uplugin	26
LightWeightInstancesEditor	uplugin	Engine/Plugins/LightWeightInstancesEditor/LightWeightInstancesEditor.uplugin	19
LinearTimecode	uplugin	Engine/Plugins/Media/LinearTimecode/LinearTimecode.uplugin	20
LinuxArm64TargetPlatform	build.cs	Engine/Source/Developer/Linux/LinuxArm64TargetPlatform/LinuxArm64TargetPlatform.Build.cs	5
LinuxDeviceProfileSelector	uplugin	Engine/Plugins/Runtime/LinuxDeviceProfileSelector/LinuxDeviceProfileSelector.uplugin	20
LinuxPlatformEditor	build.cs	Engine/Source/Developer/Linux/LinuxPlatformEditor/LinuxPlatformEditor.Build.cs	5
LinuxTargetPlatform	build.cs	Engine/Source/Developer/Linux/LinuxTargetPlatform/LinuxTargetPlatform.Build.cs	5
LiveCoding	build.cs	Engine/Source/Developer/Windows/LiveCoding/LiveCoding.Build.cs	6
LiveCodingServer	build.cs	Engine/Source/Developer/Windows/LiveCodingServer/LiveCodingServer.Build.cs	6
LiveLink	uplugin	Engine/Plugins/Animation/LiveLink/LiveLink.uplugin	39
LiveLinkAnimationCore	build.cs	Engine/Source/Runtime/LiveLinkAnimationCore/LiveLinkAnimationCore.Build.cs	5
LiveLinkCamera	uplugin	Engine/Plugins/VirtualProduction/LiveLinkCamera/LiveLinkCamera.uplugin	34
LiveLinkCameraEditor	uplugin	Engine/Plugins/VirtualProduction/LiveLinkCamera/LiveLinkCamera.uplugin	40
LiveLinkCameraRecording	uplugin	Engine/Plugins/VirtualProduction/LiveLinkCamera/LiveLinkCamera.uplugin	46
LiveLinkComponents	uplugin	Engine/Plugins/Animation/LiveLink/LiveLink.uplugin	45
LiveLinkControlRig	uplugin	Engine/Plugins/Experimental/LiveLinkControlRig/LiveLinkControlRig.uplugin	25
LiveLinkCurveDebugUI	uplugin	Engine/Plugins/Animation/LiveLinkCurveDebugUI/LiveLinkCurveDebugUI.uplugin	18
LiveLinkEditor	uplugin	Engine/Plugins/Animation/LiveLink/LiveLink.uplugin	50
LiveLinkFaceImporter	uplugin	Engine/Plugins/Experimental/LiveLinkFaceImporter/LiveLinkFaceImporter.uplugin	19
LiveLinkFreeD	uplugin	Engine/Plugins/VirtualProduction/LiveLinkFreeD/LiveLinkFreeD.uplugin	27
LiveLinkGraphNode	uplugin	Engine/Plugins/Animation/LiveLink/LiveLink.uplugin	56
LiveLinkHub	uplugin	Engine/Plugins/Animation/LiveLinkHub/LiveLinkHub.uplugin	27
LiveLinkHubEditor	uplugin	Engine/Plugins/Animation/LiveLinkHub/LiveLinkHub.uplugin	33
LiveLinkHubMessaging	uplugin	Engine/Plugins/Animation/LiveLinkHub/LiveLinkHub.uplugin	38
LiveLinkInputDevice	uplugin	Engine/Plugins/VirtualProduction/LiveLinkInputDevice/LiveLinkInputDevice.uplugin	21
LiveLinkInterface	build.cs	Engine/Source/Runtime/LiveLinkInterface/LiveLinkInterface.Build.cs	5
LiveLinkLens	uplugin	Engine/Plugins/VirtualProduction/LiveLinkLens/LiveLinkLens.uplugin	19
LiveLinkMasterLockit	uplugin	Engine/Plugins/VirtualProduction/LiveLinkMasterLockit/LiveLinkMasterLockit.uplugin	18
LiveLinkMasterLockitEditor	uplugin	Engine/Plugins/VirtualProduction/LiveLinkMasterLockit/LiveLinkMasterLockit.uplugin	23
LiveLinkMessageBusFramework	build.cs	Engine/Source/Runtime/LiveLinkMessageBusFramework/LiveLinkMessageBusFramework.Build.cs	5
LiveLinkMovieScene	uplugin	Engine/Plugins/Animation/LiveLink/LiveLink.uplugin	61
LiveLinkMultiUser	uplugin	Engine/Plugins/Animation/LiveLink/LiveLink.uplugin	72
LiveLinkOverNDisplay	uplugin	Engine/Plugins/Runtime/LiveLinkOvernDisplay/LiveLinkOverNDisplay.uplugin	20
LiveLinkPrestonMDR	uplugin	Engine/Plugins/VirtualProduction/LiveLinkPrestonMDR/LiveLinkPrestonMDR.uplugin	18
LiveLinkPrestonMDREditor	uplugin	Engine/Plugins/VirtualProduction/LiveLinkPrestonMDR/LiveLinkPrestonMDR.uplugin	23
LiveLinkSequencer	uplugin	Engine/Plugins/Animation/LiveLink/LiveLink.uplugin	66
LiveLinkVRPN	uplugin	Engine/Plugins/VirtualProduction/LiveLinkVRPN/LiveLinkVRPN.uplugin	26
LiveLinkXR	uplugin	Engine/Plugins/VirtualProduction/LiveLinkXR/LiveLinkXR.uplugin	29
LiveLinkXROpenXRExt	uplugin	Engine/Plugins/VirtualProduction/LiveLinkXR/LiveLinkXR.uplugin	34
LiveUpdateForSlate	uplugin	Engine/Plugins/Editor/LiveUpdateForSlate/LiveUpdateForSlate.uplugin	19
Lobby	uplugin	Engine/Plugins/Online/OnlineFramework/OnlineFramework.uplugin	23
LocalFileNetworkReplayStreaming	build.cs	Engine/Source/Runtime/NetworkReplayStreaming/LocalFileNetworkReplayStreaming/LocalFileNetworkReplayStreaming.Build.cs	5
LocalizableMessage	uplugin	Engine/Plugins/Experimental/LocalizableMessage/LocalizableMessage.uplugin	19
LocalizableMessageBlueprint	uplugin	Engine/Plugins/Experimental/LocalizableMessage/LocalizableMessage.uplugin	24
Localization	build.cs	Engine/Source/Developer/Localization/Localization.Build.cs	5
LocalizationCommandletExecution	build.cs	Engine/Source/Editor/LocalizationCommandletExecution/LocalizationCommandletExecution.Build.cs	5
LocalizationDashboard	build.cs	Engine/Source/Editor/LocalizationDashboard/LocalizationDashboard.Build.cs	5
LocalizationService	build.cs	Engine/Source/Developer/LocalizationService/LocalizationService.Build.cs	5
LocationServicesAndroidEditor	uplugin	Engine/Plugins/Runtime/LocationServicesAndroidImpl/LocationServicesAndroidImpl.uplugin	16
LocationServicesAndroidImpl	uplugin	Engine/Plugins/Runtime/LocationServicesAndroidImpl/LocationServicesAndroidImpl.uplugin	21
LocationServicesBPLibrary	uplugin	Engine/Plugins/Runtime/LocationServicesBPLibrary/LocationServicesBPLibrary.uplugin	16
LocationServicesIOSEditor	uplugin	Engine/Plugins/Runtime/LocationServicesIOSImpl/LocationServicesIOSImpl.uplugin	16
LocationServicesIOSImpl	uplugin	Engine/Plugins/Runtime/LocationServicesIOSImpl/LocationServicesIOSImpl.uplugin	21
LogVisualizer	build.cs	Engine/Source/Developer/LogVisualizer/LogVisualizer.Build.cs	6
LoginFlow	uplugin	Engine/Plugins/Online/OnlineFramework/OnlineFramework.uplugin	43
LowLevelTestsRunner	build.cs	Engine/Source/Developer/LowLevelTestsRunner/LowLevelTestsRunner.Build.cs	7
MDLImporter	uplugin	Engine/Plugins/Enterprise/MDLImporter/MDLImporter.uplugin	24
MIDIDevice	uplugin	Engine/Plugins/Runtime/MIDIDevice/MIDIDevice.uplugin	20
MLAdapter	uplugin	Engine/Plugins/AI/MLAdapter/MLAdapter.uplugin	20
MLAdapterTestSuite	uplugin	Engine/Plugins/AI/MLAdapter/MLAdapter.uplugin	25
MLDeformerFramework	uplugin	Engine/Plugins/Animation/MLDeformer/MLDeformerFramework/MLDeformerFramework.uplugin	19
MLDeformerFrameworkEditor	uplugin	Engine/Plugins/Animation/MLDeformer/MLDeformerFramework/MLDeformerFramework.uplugin	24
MQTTCore	uplugin	Engine/Plugins/Protocols/MQTT/MQTT.uplugin	21
MQTTCoreEditor	uplugin	Engine/Plugins/Protocols/MQTT/MQTT.uplugin	25
MRMesh	build.cs	Engine/Source/Runtime/MRMesh/MRMesh.build.cs	7
MacGraphicsSwitching	uplugin	Engine/Plugins/Editor/MacGraphicsSwitching/MacGraphicsSwitching.uplugin	20
MacPlatformEditor	build.cs	Engine/Source/Developer/Mac/MacPlatformEditor/MacPlatformEditor.Build.cs	5
MacTargetPlatform	build.cs	Engine/Source/Developer/Mac/MacTargetPlatform/MacTargetPlatform.Build.cs	5
MainFrame	build.cs	Engine/Source/Editor/MainFrame/MainFrame.Build.cs	5
MassAIBehavior	uplugin	Engine/Plugins/AI/MassAI/MassAI.uplugin	33
MassAIDebug	uplugin	Engine/Plugins/AI/MassAI/MassAI.uplugin	41
MassAIReplication	uplugin	Engine/Plugins/AI/MassAI/MassAI.uplugin	37
MassAITestSuite	uplugin	Engine/Plugins/AI/MassAI/MassAI.uplugin	45
MassActors	uplugin	Engine/Plugins/Runtime/MassGameplay/MassGameplay.uplugin	24
MassCommon	uplugin	Engine/Plugins/Runtime/MassGameplay/MassGameplay.uplugin	20
MassCrowd	uplugin	Engine/Plugins/AI/MassCrowd/MassCrowd.uplugin	20
MassEntity	uplugin	Engine/Plugins/Runtime/MassEntity/MassEntity.uplugin	19
MassEntityDebugger	uplugin	Engine/Plugins/Runtime/MassEntity/MassEntity.uplugin	33
MassEntityEditor	uplugin	Engine/Plugins/Runtime/MassEntity/MassEntity.uplugin	29
MassEntityTestSuite	uplugin	Engine/Plugins/Runtime/MassEntity/MassEntity.uplugin	24
MassGameplayDebug	uplugin	Engine/Plugins/Runtime/MassGameplay/MassGameplay.uplugin	60
MassGameplayEditor	uplugin	Engine/Plugins/Runtime/MassGameplay/MassGameplay.uplugin	64
MassGameplayExternalTraits	uplugin	Engine/Plugins/Runtime/MassGameplay/MassGameplay.uplugin	73
MassGameplayTestSuite	uplugin	Engine/Plugins/Runtime/MassGameplay/MassGameplay.uplugin	77
MassLOD	uplugin	Engine/Plugins/Runtime/MassGameplay/MassGameplay.uplugin	44
MassMovement	uplugin	Engine/Plugins/Runtime/MassGameplay/MassGameplay.uplugin	48
MassMovementEditor	uplugin	Engine/Plugins/Runtime/MassGameplay/MassGameplay.uplugin	68
MassNavigation	uplugin	Engine/Plugins/AI/MassAI/MassAI.uplugin	20
MassNavigationEditor	uplugin	Engine/Plugins/AI/MassAI/MassAI.uplugin	28
MassReplication	uplugin	Engine/Plugins/Runtime/MassGameplay/MassGameplay.uplugin	52
MassRepresentation	uplugin	Engine/Plugins/Runtime/MassGameplay/MassGameplay.uplugin	56
MassSignals	uplugin	Engine/Plugins/Runtime/MassGameplay/MassGameplay.uplugin	28
MassSimulation	uplugin	Engine/Plugins/Runtime/MassGameplay/MassGameplay.uplugin	40
MassSmartObjects	uplugin	Engine/Plugins/Runtime/MassGameplay/MassGameplay.uplugin	36
MassSpawner	uplugin	Engine/Plugins/Runtime/MassGameplay/MassGameplay.uplugin	32
MassZoneGraphNavigation	uplugin	Engine/Plugins/AI/MassAI/MassAI.uplugin	24
MaterialAnalyzer	uplugin	Engine/Plugins/Editor/MaterialAnalyzer/MaterialAnalyzer.uplugin	19
MaterialBaking	build.cs	Engine/Source/Developer/MaterialBaking/MaterialBaking.Build.cs	5
MaterialEditor	build.cs	Engine/Source/Editor/MaterialEditor/MaterialEditor.Build.cs	5
MaterialShaderQualitySettings	build.cs	Engine/Source/Runtime/MaterialShaderQualitySettings/MaterialShaderQualitySettings.Build.cs	5
MaterialUtilities	build.cs	Engine/Source/Developer/MaterialUtilities/MaterialUtilities.Build.cs	6
MaterialX	build.cs	Engine/Source/ThirdParty/MaterialX/MaterialX.Build.cs	6
Media	build.cs	Engine/Source/Runtime/Media/Media.Build.cs	5
MediaAssets	build.cs	Engine/Source/Runtime/MediaAssets/MediaAssets.Build.cs	5
MediaCompositing	uplugin	Engine/Plugins/Media/MediaCompositing/MediaCompositing.uplugin	19
MediaCompositingEditor	uplugin	Engine/Plugins/Media/MediaCompositing/MediaCompositing.uplugin	24
MediaFrameworkUtilities	uplugin	Engine/Plugins/Media/MediaFrameworkUtilities/MediaFrameworkUtilities.uplugin	18
MediaFrameworkUtilitiesEditor	uplugin	Engine/Plugins/Media/MediaFrameworkUtilities/MediaFrameworkUtilities.uplugin	28
MediaIOCore	uplugin	Engine/Plugins/Media/MediaIOFramework/MediaIOFramework.uplugin	18
MediaIOEditor	uplugin	Engine/Plugins/Media/MediaIOFramework/MediaIOFramework.uplugin	23
MediaMovieStreamer	uplugin	Engine/Plugins/Media/MediaMovieStreamer/MediaMovieStreamer.uplugin	20
MediaPlate	uplugin	Engine/Plugins/Media/MediaPlate/MediaPlate.uplugin	21
MediaPlateEditor	uplugin	Engine/Plugins/Media/MediaPlate/MediaPlate.uplugin	26
MediaPlayerEditor	uplugin	Engine/Plugins/Media/MediaPlayerEditor/MediaPlayerEditor.uplugin	20
MediaUtils	build.cs	Engine/Source/Runtime/MediaUtils/MediaUtils.Build.cs	5
MegascansPlugin	uplugin	Engine/Plugins/Bridge/Bridge.uplugin	33
MemoryUsageQueries	uplugin	Engine/Plugins/MemoryUsageQueries/MemoryUsageQueries.uplugin	21
Merge	build.cs	Engine/Source/Developer/Merge/Merge.Build.cs	5
MergeActors	build.cs	Engine/Source/Editor/MergeActors/MergeActors.Build.cs	5
MeshBoneReduction	build.cs	Engine/Source/Developer/MeshBoneReduction/MeshBoneReduction.Build.cs	6
MeshBuilder	build.cs	Engine/Source/Developer/MeshBuilder/MeshBuilder.Build.cs	6
MeshBuilderCommon	build.cs	Engine/Source/Developer/MeshBuilderCommon/MeshBuilderCommon.Build.cs	6
MeshConversion	build.cs	Engine/Source/Runtime/MeshConversion/MeshConversion.Build.cs	5
MeshConversionEngineTypes	build.cs	Engine/Source/Runtime/MeshConversionEngineTypes/MeshConversionEngineTypes.Build.cs	5
MeshDescription	build.cs	Engine/Source/Runtime/MeshDescription/MeshDescription.Build.cs	5
MeshDescriptionOperations	build.cs	Engine/Source/Developer/MeshDescriptionOperations/MeshDescriptionOperations.Build.cs	5
MeshLODToolset	uplugin	Engine/Plugins/Editor/MeshLODToolset/MeshLODToolset.uplugin	19
MeshMergeUtilities	build.cs	Engine/Source/Developer/MeshMergeUtilities/MeshMergeUtilities.Build.cs	6
MeshModelingTools	uplugin	Engine/Plugins/Runtime/MeshModelingToolset/MeshModelingToolset.uplugin	19
MeshModelingToolsEditorOnly	uplugin	Engine/Plugins/Runtime/MeshModelingToolset/MeshModelingToolset.uplugin	24
MeshModelingToolsEditorOnlyExp	uplugin	Engine/Plugins/Experimental/MeshModelingToolsetExp/MeshModelingToolsetExp.uplugin	24
MeshModelingToolsExp	uplugin	Engine/Plugins/Experimental/MeshModelingToolsetExp/MeshModelingToolsetExp.uplugin	19
MeshPaint	build.cs	Engine/Source/Editor/MeshPaint/MeshPaint.Build.cs	5
MeshPaintEditorMode	uplugin	Engine/Plugins/MeshPainting/MeshPainting.uplugin	19
MeshPaintingToolset	uplugin	Engine/Plugins/MeshPainting/MeshPainting.uplugin	24
MeshReductionInterface	build.cs	Engine/Source/Developer/MeshReductionInterface/MeshReductionInterface.Build.cs	6
MeshUtilities	build.cs	Engine/Source/Developer/MeshUtilities/MeshUtilities.Build.cs	6
MeshUtilitiesCommon	build.cs	Engine/Source/Runtime/MeshUtilitiesCommon/MeshUtilitiesCommon.Build.cs	9
MeshUtilitiesEngine	build.cs	Engine/Source/Developer/MeshUtilitiesEngine/MeshUtilitiesEngine.Build.cs	6
MessageLog	build.cs	Engine/Source/Developer/MessageLog/MessageLog.Build.cs	5
Messaging	build.cs	Engine/Source/Runtime/Messaging/Messaging.Build.cs	5
MessagingCommon	build.cs	Engine/Source/Runtime/MessagingCommon/MessagingCommon.Build.cs	5
MessagingDebugger	uplugin	Engine/Plugins/Messaging/MessagingDebugger/MessagingDebugger.uplugin	17
MessagingRpc	build.cs	Engine/Source/Runtime/MessagingRpc/MessagingRpc.Build.cs	5
MetaHumanProjectUtilities	uplugin	Engine/Plugins/Experimental/MetaHuman/MetaHumanProjectUtilities/MetaHumanProjectUtilities.uplugin	17
MetalCPP	build.cs	Engine/Source/ThirdParty/MetalCPP/MetalCPP.Build.cs	4
MetalRHI	build.cs	Engine/Source/Runtime/Apple/MetalRHI/MetalRHI.Build.cs	6
MetalShaderConverter	build.cs	Engine/Source/ThirdParty/Apple/MetalShaderConverter/MetalShaderConverter.build.cs	11
MetalShaderFormat	build.cs	Engine/Source/Developer/Apple/MetalShaderFormat/MetalShaderFormat.Build.cs	6
MetasoundEditor	uplugin	Engine/Plugins/Runtime/Metasound/Metasound.uplugin	49
MetasoundEngine	uplugin	Engine/Plugins/Runtime/Metasound/Metasound.uplugin	39
MetasoundEngineTest	uplugin	Engine/Plugins/Runtime/Metasound/Metasound.uplugin	44
MetasoundFrontend	uplugin	Engine/Plugins/Runtime/Metasound/Metasound.uplugin	29
MetasoundGenerator	uplugin	Engine/Plugins/Runtime/Metasound/Metasound.uplugin	24
MetasoundGraphCore	uplugin	Engine/Plugins/Runtime/Metasound/Metasound.uplugin	19
MetasoundStandardNodes	uplugin	Engine/Plugins/Runtime/Metasound/Metasound.uplugin	34
MfMedia	uplugin	Engine/Plugins/Media/MfMedia/MfMedia.uplugin	20
MfMediaEditor	uplugin	Engine/Plugins/Media/MfMedia/MfMedia.uplugin	27
MfMediaFactory	uplugin	Engine/Plugins/Media/MfMedia/MfMedia.uplugin	32
MicrosoftSpatialSound	uplugin	Engine/Plugins/Runtime/MicrosoftSpatialAudio/MicroSoftSpatialSound.uplugin	21
MikkTSpace	build.cs	Engine/Source/ThirdParty/MikkTSpace/MikkTSpace.build.cs	4
MixedRealityCaptureFramework	uplugin	Engine/Plugins/Runtime/MixedRealityCaptureFramework/MixedRealityCaptureFramework.uplugin	21
MobileFSR	uplugin	Engine/Plugins/Runtime/MobileFSR/MobileFSR.uplugin	22
MobileLauncherProfileWizard	uplugin	Engine/Plugins/Editor/MobileLauncherProfileWizard/MobileLauncherProfileWizard.uplugin	20
MobilePatchingUtils	uplugin	Engine/Plugins/Runtime/MobilePatchingUtils/MobilePatchingUtils.uplugin	20
ModelViewViewModel	uplugin	Engine/Plugins/Runtime/ModelViewViewModel/ModelViewViewModel.uplugin	19
ModelViewViewModelBlueprint	uplugin	Engine/Plugins/Runtime/ModelViewViewModel/ModelViewViewModel.uplugin	25
ModelViewViewModelDebugger	uplugin	Engine/Plugins/Runtime/ModelViewViewModel/ModelViewViewModel.uplugin	35
ModelViewViewModelDebuggerEditor	uplugin	Engine/Plugins/Runtime/ModelViewViewModel/ModelViewViewModel.uplugin	40
ModelViewViewModelEditor	uplugin	Engine/Plugins/Runtime/ModelViewViewModel/ModelViewViewModel.uplugin	30
ModelingComponents	uplugin	Engine/Plugins/Runtime/MeshModelingToolset/MeshModelingToolset.uplugin	29
ModelingComponentsEditorOnly	uplugin	Engine/Plugins/Runtime/MeshModelingToolset/MeshModelingToolset.uplugin	34
ModelingEditorUI	uplugin	Engine/Plugins/Experimental/MeshModelingToolsetExp/MeshModelingToolsetExp.uplugin	35
ModelingOperators	uplugin	Engine/Plugins/Runtime/MeshModelingToolset/MeshModelingToolset.uplugin	39
ModelingOperatorsEditorOnly	uplugin	Engine/Plugins/Runtime/MeshModelingToolset/MeshModelingToolset.uplugin	44
ModelingToolsEditorMode	uplugin	Engine/Plugins/Editor/ModelingToolsEditorMode/ModelingToolsEditorMode.uplugin	18
ModularGameplay	uplugin	Engine/Plugins/Runtime/ModularGameplay/ModularGameplay.uplugin	19
MotionTrajectory	uplugin	Engine/Plugins/Experimental/Animation/MotionTrajectory/MotionTrajectory.uplugin	20
MotionWarping	uplugin	Engine/Plugins/Animation/MotionWarping/MotionWarping.uplugin	20
MotoSynth	uplugin	Engine/Plugins/Experimental/MotoSynth/MotoSynth.uplugin	20
MotoSynthEditor	uplugin	Engine/Plugins/Experimental/MotoSynth/MotoSynth.uplugin	25
MotorSimOutputMotoSynth	uplugin	Engine/Plugins/Experimental/MotorSimOutputMotoSynth/MotorSimOutputMotoSynth.uplugin	19
Mover	uplugin	Engine/Plugins/Experimental/Mover/Mover.uplugin	19
MoverEditor	uplugin	Engine/Plugins/Experimental/Mover/Mover.uplugin	24
MoverExamples	uplugin	Engine/Plugins/Experimental/MoverExamples/MoverExamples.uplugin	20
MoverTests	uplugin	Engine/Plugins/Experimental/MoverTests/MoverTests.uplugin	19
MoviePipelineMaskRenderPass	uplugin	Engine/Plugins/MovieScene/MoviePipelineMaskRenderPass/MoviePipelineMaskRenderPass.uplugin	30
MoviePlayer	build.cs	Engine/Source/Runtime/MoviePlayer/MoviePlayer.Build.cs	5
MoviePlayerProxy	build.cs	Engine/Source/Runtime/MoviePlayerProxy/MoviePlayerProxy.Build.cs	5
MovieRenderPipelineCore	uplugin	Engine/Plugins/MovieScene/MovieRenderPipeline/MovieRenderPipeline.uplugin	53
MovieRenderPipelineEditor	uplugin	Engine/Plugins/MovieScene/MovieRenderPipeline/MovieRenderPipeline.uplugin	71
MovieRenderPipelineRenderPasses	uplugin	Engine/Plugins/MovieScene/MovieRenderPipeline/MovieRenderPipeline.uplugin	65
MovieRenderPipelineSettings	uplugin	Engine/Plugins/MovieScene/MovieRenderPipeline/MovieRenderPipeline.uplugin	59
MovieScene	build.cs	Engine/Source/Runtime/MovieScene/MovieScene.Build.cs	5
MovieSceneCapture	build.cs	Engine/Source/Runtime/MovieSceneCapture/MovieSceneCapture.Build.cs	5
MovieSceneCaptureDialog	build.cs	Engine/Source/Editor/MovieSceneCaptureDialog/MovieSceneCaptureDialog.Build.cs	5
MovieSceneTextTrack	uplugin	Engine/Plugins/MovieScene/MovieSceneTextTrack/MovieSceneTextTrack.uplugin	19
MovieSceneTextTrackEditor	uplugin	Engine/Plugins/MovieScene/MovieSceneTextTrack/MovieSceneTextTrack.uplugin	24
MovieSceneTools	build.cs	Engine/Source/Editor/MovieSceneTools/MovieSceneTools.Build.cs	5
MovieSceneTracks	build.cs	Engine/Source/Runtime/MovieSceneTracks/MovieSceneTracks.Build.cs	5
MsQuic	build.cs	Engine/Source/ThirdParty/MsQuic/MsQuic.Build.cs	9
MsQuicRuntime	uplugin	Engine/Plugins/Runtime/MsQuic/MsQuic.uplugin	31
MultiUserClient	uplugin	Engine/Plugins/Developer/Concert/ConcertApp/MultiUserClient/MultiUserClient.uplugin	19
MultiUserClientLibrary	uplugin	Engine/Plugins/Developer/Concert/ConcertApp/MultiUserClient/MultiUserClient.uplugin	24
MultiUserReplicationEditor	uplugin	Engine/Plugins/Developer/Concert/ConcertApp/MultiUserClient/MultiUserClient.uplugin	29
MultiUserServer	uplugin	Engine/Plugins/Developer/Concert/ConcertApp/MultiUserServer/MultiUserServer.uplugin	21
MutableRuntime	uplugin	Engine/Plugins/Experimental/Mutable/Mutable.uplugin	12
MutableTools	uplugin	Engine/Plugins/Experimental/Mutable/Mutable.uplugin	22
MutableValidation	uplugin	Engine/Plugins/Experimental/Mutable/Mutable.uplugin	27
N10XSourceCodeAccess	uplugin	Engine/Plugins/Developer/N10XSourceCodeAccess/N10XSourceCodeAccess.uplugin	20
NNE	build.cs	Engine/Source/Runtime/NNE/NNE.Build.cs	5
NNEDenoiser	uplugin	Engine/Plugins/Experimental/NNEDenoiser/NNEDenoiser.uplugin	19
NNEDenoiserShaders	uplugin	Engine/Plugins/Experimental/NNEDenoiser/NNEDenoiser.uplugin	24
NNEEditor	build.cs	Engine/Source/Editor/NNEEditor/NNEEditor.Build.cs	5
NNEHlslShaders	uplugin	Engine/Plugins/Experimental/NNERuntimeRDG/NNERuntimeRDG.uplugin	23
NNERuntimeBasicCpu	uplugin	Engine/Plugins/Experimental/NNERuntimeBasicCpu/NNERuntimeBasicCpu.uplugin	20
NNERuntimeIREE	uplugin	Engine/Plugins/Experimental/NNERuntimeIREE/NNERuntimeIREE.uplugin	19
NNERuntimeIREEEditor	uplugin	Engine/Plugins/Experimental/NNERuntimeIREE/NNERuntimeIREE.uplugin	24
NNERuntimeORT	uplugin	Engine/Plugins/NNE/NNERuntimeORT/NNERuntimeORT.uplugin	23
NNERuntimeRDG	uplugin	Engine/Plugins/Experimental/NNERuntimeRDG/NNERuntimeRDG.uplugin	29
NNEUtilities	uplugin	Engine/Plugins/NNE/NNERuntimeORT/NNERuntimeORT.uplugin	29
NUTUnrealEngine	uplugin	Engine/Plugins/NetcodeUnitTest/NUTUnrealEngine/NUTUnrealEngine.uplugin	20
NVAPI	build.cs	Engine/Source/ThirdParty/NVIDIA/nvapi/NVAPI.Build.cs	7
NVAftermath	build.cs	Engine/Source/ThirdParty/NVIDIA/NVaftermath/NVaftermath.Build.cs	7
NVCodecs	uplugin	Engine/Plugins/Experimental/AVCodecs/NVCodecs/NVCodecs.uplugin	18
NVCodecsRHI	uplugin	Engine/Plugins/Experimental/AVCodecs/NVCodecs/NVCodecs.uplugin	27
NVDEC	uplugin	Engine/Plugins/Experimental/AVCodecs/NVCodecs/NVCodecs.uplugin	36
NVENC	uplugin	Engine/Plugins/Experimental/AVCodecs/NVCodecs/NVCodecs.uplugin	45
NVML	build.cs	Engine/Source/ThirdParty/NVIDIA/NVML/NVML.build.cs	7
NaniteBuilder	build.cs	Engine/Source/Developer/NaniteBuilder/NaniteBuilder.Build.cs	6
NaniteDisplacedMesh	uplugin	Engine/Plugins/Experimental/NaniteDisplacedMesh/NaniteDisplacedMesh.uplugin	19
NaniteDisplacedMeshEditor	uplugin	Engine/Plugins/Experimental/NaniteDisplacedMesh/NaniteDisplacedMesh.uplugin	24
NaniteUtilities	build.cs	Engine/Source/Developer/NaniteUtilities/NaniteUtilities.Build.cs	5
Nanosvg	build.cs	Engine/Source/ThirdParty/nanosvg/nanosvg.Build.cs	6
NavCorridor	uplugin	Engine/Plugins/Runtime/NavCorridor/NavCorridor.uplugin	20
NavigationSystem	build.cs	Engine/Source/Runtime/NavigationSystem/NavigationSystem.Build.cs	7
Navmesh	build.cs	Engine/Source/Runtime/Navmesh/Navmesh.Build.cs	5
NearestNeighborModel	uplugin	Engine/Plugins/Animation/MLDeformer/NearestNeighborModel/NearestNeighborModel.uplugin	19
NearestNeighborModelEditor	uplugin	Engine/Plugins/Animation/MLDeformer/NearestNeighborModel/NearestNeighborModel.uplugin	24
NetCommon	build.cs	Engine/Source/Runtime/Net/Common/NetCommon.Build.cs	6
NetCore	build.cs	Engine/Source/Runtime/Net/Core/NetCore.Build.cs	6
NetcodeUnitTest	uplugin	Engine/Plugins/NetcodeUnitTest/NetcodeUnitTest/NetcodeUnitTest.uplugin	20
NetworkFile	build.cs	Engine/Source/Runtime/NetworkFile/NetworkFile.Build.cs	5
NetworkFileSystem	build.cs	Engine/Source/Runtime/NetworkFileSystem/NetworkFileSystem.Build.cs	5
NetworkPrediction	uplugin	Engine/Plugins/Runtime/NetworkPrediction/NetworkPrediction.uplugin	19
NetworkPredictionExtras	uplugin	Engine/Plugins/Runtime/NetworkPredictionExtras/NetworkPredictionExtras.uplugin	19
NetworkPredictionExtrasLatentLoad	uplugin	Engine/Plugins/Runtime/NetworkPredictionExtras/NetworkPredictionExtras.uplugin	24
NetworkPredictionInsights	uplugin	Engine/Plugins/Runtime/NetworkPredictionInsights/NetworkPredictionInsights.uplugin	20
NetworkReplayStreaming	build.cs	Engine/Source/Runtime/NetworkReplayStreaming/NetworkReplayStreaming/NetworkReplayStreaming.Build.cs	5
Networking	build.cs	Engine/Source/Runtime/Networking/Networking.Build.cs	5
NeuralMorphModel	uplugin	Engine/Plugins/Animation/MLDeformer/NeuralMorphModel/NeuralMorphModel.uplugin	19
NeuralMorphModelEditor	uplugin	Engine/Plugins/Animation/MLDeformer/NeuralMorphModel/NeuralMorphModel.uplugin	24
NeuralPostProcessing	uplugin	Engine/Plugins/Experimental/NeuralRendering/NeuralRendering.uplugin	25
NewLevelDialog	build.cs	Engine/Source/Editor/NewLevelDialog/NewLevelDialog.Build.cs	5
Niagara	uplugin	Engine/Plugins/FX/Niagara/Niagara.uplugin	31
NiagaraAnimNotifies	uplugin	Engine/Plugins/FX/Niagara/Niagara.uplugin	36
NiagaraBlueprintNodes	uplugin	Engine/Plugins/FX/Niagara/Niagara.uplugin	51
NiagaraCore	uplugin	Engine/Plugins/FX/Niagara/Niagara.uplugin	26
NiagaraEditor	uplugin	Engine/Plugins/FX/Niagara/Niagara.uplugin	56
NiagaraEditorWidgets	uplugin	Engine/Plugins/FX/Niagara/Niagara.uplugin	61
NiagaraFluids	uplugin	Engine/Plugins/FX/NiagaraFluids/NiagaraFluids.uplugin	19
NiagaraMRQ	uplugin	Engine/Plugins/FX/NiagaraMRQ/NiagaraMRQ.uplugin	20
NiagaraShader	uplugin	Engine/Plugins/FX/Niagara/Niagara.uplugin	41
NiagaraSimCaching	uplugin	Engine/Plugins/FX/NiagaraSimCaching/NiagaraSimCaching.uplugin	20
NiagaraSimCachingEditor	uplugin	Engine/Plugins/FX/NiagaraSimCaching/NiagaraSimCaching.uplugin	25
NiagaraVertexFactories	uplugin	Engine/Plugins/FX/Niagara/Niagara.uplugin	46
NonRealtimeAudioRenderer	build.cs	Engine/Source/Runtime/NonRealtimeAudioRenderer/NonRealtimeAudioRenderer.Build.cs	5
NullDrv	build.cs	Engine/Source/Runtime/NullDrv/NullDrv.Build.cs	5
NullInstallBundleManager	build.cs	Engine/Source/Runtime/NullInstallBundleManager/NullInstallBundleManager.build.cs	5
NullNetworkReplayStreaming	build.cs	Engine/Source/Runtime/NetworkReplayStreaming/NullNetworkReplayStreaming/NullNetworkReplayStreaming.build.cs	5
NullSourceCodeAccess	uplugin	Engine/Plugins/Developer/NullSourceCodeAccess/NullSourceCodeAccess.uplugin	20
OSC	uplugin	Engine/Plugins/Runtime/OSC/OSC.uplugin	20
OSCModulationMixing	uplugin	Engine/Plugins/Runtime/OSCModulationMixing/OSCModulationMixing.uplugin	31
ObjectMixerEditor	uplugin	Engine/Plugins/Editor/ObjectMixer/ObjectMixer/ObjectMixer.uplugin	20
OculusOpenXRLoader	build.cs	Engine/Source/ThirdParty/Oculus/OculusOpenXRLoader/OculusOpenXRLoader.build.cs	6
OneSkyLocalizationService	uplugin	Engine/Plugins/Developer/OneSkyLocalizationService/OneSkyLocalizationService.uplugin	20
OnlineBase	uplugin	Engine/Plugins/Online/OnlineBase/OnlineBase.uplugin	15
OnlineBlueprintSupport	uplugin	Engine/Plugins/Online/OnlineSubsystemUtils/OnlineSubsystemUtils.uplugin	20
OnlineServicesCommon	uplugin	Engine/Plugins/Online/OnlineServices/OnlineServices.uplugin	20
OnlineServicesCommonEngineUtils	uplugin	Engine/Plugins/Online/OnlineServices/OnlineServices.uplugin	25
OnlineServicesEOS	uplugin	Engine/Plugins/Online/OnlineServicesEOS/OnlineServicesEOS.uplugin	15
OnlineServicesEOSGS	uplugin	Engine/Plugins/Online/OnlineServicesEOSGS/OnlineServicesEOSGS.uplugin	15
OnlineServicesInterface	uplugin	Engine/Plugins/Online/OnlineServices/OnlineServices.uplugin	15
OnlineServicesNull	uplugin	Engine/Plugins/Online/OnlineServicesNull/OnlineServicesNull.uplugin	15
OnlineServicesOSSAdapter	uplugin	Engine/Plugins/Online/OnlineServicesOSSAdapter/OnlineServicesOSSAdapter.uplugin	15
OnlineSubsystem	uplugin	Engine/Plugins/Online/OnlineSubsystem/OnlineSubsystem.uplugin	15
OnlineSubsystemAmazon	uplugin	Engine/Plugins/Online/OnlineSubsystemAmazon/OnlineSubsystemAmazon.uplugin	15
OnlineSubsystemApple	uplugin	Engine/Plugins/Online/OnlineSubsystemApple/OnlineSubsystemApple.uplugin	20
OnlineSubsystemEOS	uplugin	Engine/Plugins/Online/OnlineSubsystemEOS/OnlineSubsystemEOS.uplugin	16
OnlineSubsystemEOSPlus	uplugin	Engine/Plugins/Online/OnlineSubsystemEOS/OnlineSubsystemEOS.uplugin	27
OnlineSubsystemFacebook	uplugin	Engine/Plugins/Online/OnlineSubsystemFacebook/OnlineSubsystemFacebook.uplugin	15
OnlineSubsystemGoogle	uplugin	Engine/Plugins/Online/OnlineSubsystemGoogle/OnlineSubsystemGoogle.uplugin	15
OnlineSubsystemGooglePlay	uplugin	Engine/Plugins/Online/Android/OnlineSubsystemGooglePlay/OnlineSubsystemGooglePlay.uplugin	17
OnlineSubsystemIOS	uplugin	Engine/Plugins/Online/IOS/OnlineSubsystemIOS/OnlineSubsystemIOS.uplugin	18
OnlineSubsystemNull	uplugin	Engine/Plugins/Online/OnlineSubsystemNull/OnlineSubsystemNull.uplugin	15
OnlineSubsystemOculus	uplugin	Engine/Plugins/Online/OnlineSubsystemOculus/OnlineSubsystemOculus.uplugin	19
OnlineSubsystemSteam	uplugin	Engine/Plugins/Online/OnlineSubsystemSteam/OnlineSubsystemSteam.uplugin	15
OnlineSubsystemTencent	uplugin	Engine/Plugins/Online/OnlineSubsystemTencent/OnlineSubsystemTencent.uplugin	15
OnlineSubsystemUtils	uplugin	Engine/Plugins/Online/OnlineSubsystemUtils/OnlineSubsystemUtils.uplugin	15
OodleDataCompression	build.cs	Engine/Source/Runtime/OodleDataCompression/OodleDataCompression.Build.cs	10
OodleNetworkHandlerComponent	uplugin	Engine/Plugins/Compression/OodleNetwork/OodleNetwork.uplugin	18
OpenCVHelper	uplugin	Engine/Plugins/Runtime/OpenCV/OpenCV.uplugin	19
OpenCVLensCalibration	uplugin	Engine/Plugins/Compositing/OpenCVLensDistortion/OpenCVLensDistortion.uplugin	25
OpenCVLensDistortion	uplugin	Engine/Plugins/Compositing/OpenCVLensDistortion/OpenCVLensDistortion.uplugin	35
OpenColorIO	uplugin	Engine/Plugins/Compositing/OpenColorIO/OpenColorIO.uplugin	19
OpenColorIOEditor	uplugin	Engine/Plugins/Compositing/OpenColorIO/OpenColorIO.uplugin	24
OpenColorIOLib	build.cs	Engine/Source/ThirdParty/OpenColorIO/OpenColorIOLib.Build.cs	6
OpenColorIOWrapper	build.cs	Engine/Source/Runtime/OpenColorIOWrapper/OpenColorIOWrapper.Build.cs	5
OpenExrWrapper	uplugin	Engine/Plugins/Media/ImgMedia/ImgMedia.uplugin	45
OpenGL	build.cs	Engine/Source/ThirdParty/OpenGL/OpenGL.Build.cs	4
OpenGLDrv	build.cs	Engine/Source/Runtime/OpenGLDrv/OpenGLDrv.Build.cs	7
OpenImageDenoise	uplugin	Engine/Plugins/Experimental/OpenImageDenoise/OpenImageDenoise.uplugin	20
OpenSSL	build.cs	Engine/Source/ThirdParty/OpenSSL/OpenSSL.Build.cs	6
OpenSubdiv	build.cs	Engine/Source/ThirdParty/OpenSubdiv/OpenSubdiv.Build.cs	6
OpenVDB	build.cs	Engine/Source/ThirdParty/OpenVDB/OpenVDB.Build.cs	8
OpenXR	build.cs	Engine/Source/ThirdParty/OpenXR/OpenXR.Build.cs	7
OpenXRAR	uplugin	Engine/Plugins/Runtime/OpenXR/OpenXR.uplugin	46
OpenXREditor	uplugin	Engine/Plugins/Runtime/OpenXR/OpenXR.uplugin	57
OpenXREyeTracker	uplugin	Engine/Plugins/Runtime/OpenXREyeTracker/OpenXREyeTracker.uplugin	24
OpenXRHMD	uplugin	Engine/Plugins/Runtime/OpenXR/OpenXR.uplugin	24
OpenXRHandTracking	uplugin	Engine/Plugins/Runtime/OpenXRHandTracking/OpenXRHandTracking.uplugin	24
OpenXRHandTrackingEditor	uplugin	Engine/Plugins/Runtime/OpenXRHandTracking/OpenXRHandTracking.uplugin	35
OpenXRInput	uplugin	Engine/Plugins/Runtime/OpenXR/OpenXR.uplugin	35
OpenXRMsftHandInteraction	uplugin	Engine/Plugins/Runtime/OpenXRMsftHandInteraction/OpenXRMsftHandInteraction.uplugin	23
OpenXRViveTracker	uplugin	Engine/Plugins/Runtime/OpenXRViveTracker/OpenXRViveTracker.uplugin	24
OperatorStackEditor	uplugin	Engine/Plugins/Experimental/OperatorStack/OperatorStack.uplugin	18
OptiXDenoise	uplugin	Engine/Plugins/Experimental/OptiXDenoise/OptiXDenoise.uplugin	21
OptimusCore	uplugin	Engine/Plugins/Animation/DeformerGraph/DeformerGraph.uplugin	28
OptimusDeveloper	uplugin	Engine/Plugins/Animation/DeformerGraph/DeformerGraph.uplugin	37
OptimusEditor	uplugin	Engine/Plugins/Animation/DeformerGraph/DeformerGraph.uplugin	46
OptimusSettings	uplugin	Engine/Plugins/Animation/DeformerGraph/DeformerGraph.uplugin	19
OptionalMobileFeaturesBPLibrary	uplugin	Engine/Plugins/Runtime/OptionalMobileFeaturesBPLibrary/OptionalMobileFeaturesBPLibrary.uplugin	19
OpusAudioDecoder	build.cs	Engine/Source/Runtime/OpusAudioDecoder/Module/OpusAudioDecoder.Build.cs	5
OpusDecoderElectra	uplugin	Engine/Plugins/Media/OpusDecoderElectra/OpusDecoderElectra.uplugin	16
OutputLog	build.cs	Engine/Source/Developer/OutputLog/OutputLog.Build.cs	5
Overlay	build.cs	Engine/Source/Runtime/Overlay/Overlay.Build.cs	5
OverlayEditor	build.cs	Engine/Source/Editor/OverlayEditor/OverlayEditor.Build.cs	5
PBIK	uplugin	Engine/Plugins/Experimental/FullBodyIK/FullBodyIK.uplugin	30
PCG	uplugin	Engine/Plugins/PCG/PCG.uplugin	19
PCGBiomeCore	uplugin	Engine/Plugins/Experimental/PCGBiomeCore/PCGBiomeCore.uplugin	20
PCGCompute	uplugin	Engine/Plugins/PCG/PCG.uplugin	29
PCGEditor	uplugin	Engine/Plugins/PCG/PCG.uplugin	24
PCGExternalDataInterop	uplugin	Engine/Plugins/PCGExternalDataInterop/PCGExternalDataInterop.uplugin	19
PCGExternalDataInteropEditor	uplugin	Engine/Plugins/PCGExternalDataInterop/PCGExternalDataInterop.uplugin	24
PCGGeometryScriptInterop	uplugin	Engine/Plugins/PCGGeometryScriptInterop/PCGGeometryScriptInterop.uplugin	19
PCGWaterInterop	uplugin	Engine/Plugins/Experimental/PCGWaterInterop/PCGWaterInterop.uplugin	20
PFMExporter	uplugin	Engine/Plugins/Runtime/WarpUtils/WarpUtils.uplugin	19
PIEPreviewDeviceProfileSelector	build.cs	Engine/Source/Editor/PIEPreviewDeviceProfileSelector/PIEPreviewDeviceProfileSelector.Build.cs	5
PIEPreviewDeviceSpecification	build.cs	Engine/Source/Editor/PIEPreviewDeviceSpecification/PIEPreviewDeviceSpecification.Build.cs	5
PLCrashReporter	build.cs	Engine/Source/ThirdParty/PLCrashReporter/PLCrashReporter.Build.cs	6
PListEditor	build.cs	Engine/Source/Editor/PListEditor/PListEditor.Build.cs	5
PPMChainGraph	uplugin	Engine/Plugins/Experimental/PostProcessMaterialChainGraph/PostProcessMaterialChainGraph.uplugin	19
PPMChainGraphEditor	uplugin	Engine/Plugins/Experimental/PostProcessMaterialChainGraph/PostProcessMaterialChainGraph.uplugin	24
PackagesDialog	build.cs	Engine/Source/Editor/PackagesDialog/PackagesDialog.Build.cs	5
PacketHandler	build.cs	Engine/Source/Runtime/PacketHandlers/PacketHandler/PacketHandler.Build.cs	6
PakFile	build.cs	Engine/Source/Runtime/PakFile/PakFile.Build.cs	5
PakFileUtilities	build.cs	Engine/Source/Developer/PakFileUtilities/PakFileUtilities.Build.cs	5
PanoramicCapture	uplugin	Engine/Plugins/Experimental/PanoramicCapture/PanoramicCapture.uplugin	19
Paper2D	uplugin	Engine/Plugins/2D/Paper2D/Paper2D.uplugin	20
Paper2DEditor	uplugin	Engine/Plugins/2D/Paper2D/Paper2D.uplugin	25
PaperSpriteSheetImporter	uplugin	Engine/Plugins/2D/Paper2D/Paper2D.uplugin	30
PaperTiledImporter	uplugin	Engine/Plugins/2D/Paper2D/Paper2D.uplugin	35
ParametricSurface	uplugin	Engine/Plugins/Enterprise/DatasmithCADImporter/DatasmithCADImporter.uplugin	139
ParametricSurfaceExtension	uplugin	Engine/Plugins/Enterprise/DatasmithCADImporter/DatasmithCADImporter.uplugin	130
Party	uplugin	Engine/Plugins/Online/OnlineFramework/OnlineFramework.uplugin	19
PatchCheck	uplugin	Engine/Plugins/Online/OnlineFramework/OnlineFramework.uplugin	27
PerfCounters	build.cs	Engine/Source/Runtime/PerfCounters/PerfCounters.Build.cs	5
Perforce	build.cs	Engine/Source/ThirdParty/Perforce/Perforce.Build.cs	6
PerforceSourceControl	uplugin	Engine/Plugins/Developer/PerforceSourceControl/PerforceSourceControl.uplugin	20
PerformanceCaptureCore	uplugin	Engine/Plugins/Animation/PerformanceCaptureCore/PerformanceCaptureCore.uplugin	18
PerformanceMonitor	uplugin	Engine/Plugins/Performance/PerformanceMonitor/PerformanceMonitor.uplugin	20
Persona	build.cs	Engine/Source/Editor/Persona/Persona.Build.cs	5
PhysicsAssetEditor	build.cs	Engine/Source/Editor/PhysicsAssetEditor/PhysicsAssetEditor.Build.cs	5
PhysicsControl	uplugin	Engine/Plugins/Experimental/PhysicsControl/PhysicsControl.uplugin	20
PhysicsControlEditor	uplugin	Engine/Plugins/Experimental/PhysicsControl/PhysicsControl.uplugin	30
PhysicsControlUncookedOnly	uplugin	Engine/Plugins/Experimental/PhysicsControl/PhysicsControl.uplugin	25
PhysicsCore	build.cs	Engine/Source/Runtime/PhysicsCore/PhysicsCore.Build.cs	5
PhysicsUtilities	build.cs	Engine/Source/Developer/PhysicsUtilities/PhysicsUtilities.Build.cs	6
PinnedCommandList	build.cs	Engine/Source/Editor/PinnedCommandList/PinnedCommandList.Build.cs	5
PixWinPlugin	uplugin	Engine/Plugins/Developer/PixWinPlugin/PixWinPlugin.uplugin	15
PixelCapture	uplugin	Engine/Plugins/Media/PixelCapture/PixelCapture.uplugin	19
PixelCaptureShaders	uplugin	Engine/Plugins/Media/PixelCapture/PixelCapture.uplugin	26
PixelInspectorModule	build.cs	Engine/Source/Editor/PixelInspector/PixelInspectorModule.Build.cs	5
PixelStreaming	uplugin	Engine/Plugins/Media/PixelStreaming/PixelStreaming.uplugin	19
PixelStreamingBlueprint	uplugin	Engine/Plugins/Media/PixelStreaming/PixelStreaming.uplugin	40
PixelStreamingBlueprintEditor	uplugin	Engine/Plugins/Media/PixelStreaming/PixelStreaming.uplugin	47
PixelStreamingEditor	uplugin	Engine/Plugins/Media/PixelStreaming/PixelStreaming.uplugin	33
PixelStreamingHMD	uplugin	Engine/Plugins/Media/PixelStreaming/PixelStreaming.uplugin	54
PixelStreamingInput	uplugin	Engine/Plugins/Media/PixelStreaming/PixelStreaming.uplugin	61
PixelStreamingPlayer	uplugin	Engine/Plugins/Experimental/PixelStreamingPlayer/PixelStreamingPlayer.uplugin	19
PixelStreamingPlayerEditor	uplugin	Engine/Plugins/Experimental/PixelStreamingPlayer/PixelStreamingPlayer.uplugin	26
PixelStreamingServers	uplugin	Engine/Plugins/Media/PixelStreaming/PixelStreaming.uplugin	26
PixelStreamingVCam	uplugin	Engine/Plugins/VirtualProduction/VirtualCameraCore/VirtualCameraCore.uplugin	27
PlacementMode	build.cs	Engine/Source/Editor/PlacementMode/PlacementMode.Build.cs	5
PlanarCut	uplugin	Engine/Plugins/Experimental/PlanarCutPlugin/PlanarCut.uplugin	19
PlasticSourceControl	uplugin	Engine/Plugins/Developer/PlasticSourceControl/PlasticSourceControl.uplugin	19
PlatformCrypto	uplugin	Engine/Plugins/Experimental/PlatformCrypto/PlatformCrypto.uplugin	20
PlatformCryptoOpenSSL	uplugin	Engine/Plugins/Experimental/PlatformCrypto/PlatformCrypto.uplugin	53
PlatformCryptoTypes	uplugin	Engine/Plugins/Experimental/PlatformCrypto/PlatformCrypto.uplugin	37
PlayTimeLimit	uplugin	Engine/Plugins/Online/OnlineFramework/OnlineFramework.uplugin	39
PluginAudit	uplugin	Engine/Plugins/Experimental/PluginAudit/PluginAudit.uplugin	21
PluginBrowser	uplugin	Engine/Plugins/Editor/PluginBrowser/PluginBrowser.uplugin	20
PluginReferenceViewer	uplugin	Engine/Plugins/Experimental/PluginReferenceViewer/PluginReferenceViewer.uplugin	21
PluginTemplateTool	uplugin	Engine/Plugins/Experimental/PluginTemplateTool/PluginTemplateTool.uplugin	21
PluginUtils	uplugin	Engine/Plugins/Developer/PluginUtils/PluginUtils.uplugin	19
PluginWarden	build.cs	Engine/Source/Editor/PluginWarden/PluginWarden.Build.cs	5
PortableObjectFileDataSource	uplugin	Engine/Plugins/Editor/Localization/PortableObjectFileDataSource/PortableObjectFileDataSource.uplugin	20
PortalMessages	build.cs	Engine/Source/Runtime/Portal/Messages/PortalMessages.Build.cs	5
PortalProxies	build.cs	Engine/Source/Runtime/Portal/Proxies/PortalProxies.Build.cs	5
PortalRpc	build.cs	Engine/Source/Runtime/Portal/Rpc/PortalRpc.Build.cs	5
PortalServices	build.cs	Engine/Source/Runtime/Portal/Services/PortalServices.Build.cs	5
PoseSearch	uplugin	Engine/Plugins/Animation/PoseSearch/PoseSearch.uplugin	18
PoseSearchEditor	uplugin	Engine/Plugins/Animation/PoseSearch/PoseSearch.uplugin	23
PosixShim	build.cs	Engine/Source/Runtime/PlatformThirdPartyHelpers/PosixShim/PosixShim.Build.cs	7
PreLoadScreen	build.cs	Engine/Source/Runtime/PreLoadScreen/PreLoadScreen.Build.cs	5
PreLoadScreenMoviePlayer	uplugin	Engine/Plugins/Runtime/PreLoadScreenMoviePlayer/PreLoadScreenMoviePlayer.uplugin	19
ProResLib	build.cs	Engine/Source/ThirdParty/Apple/ProResLib/ProResLib.Build.cs	6
ProceduralMeshComponent	uplugin	Engine/Plugins/Runtime/ProceduralMeshComponent/ProceduralMeshComponent.uplugin	21
ProceduralMeshComponentEditor	uplugin	Engine/Plugins/Runtime/ProceduralMeshComponent/ProceduralMeshComponent.uplugin	29
ProfileVisualizer	build.cs	Engine/Source/Developer/ProfileVisualizer/ProfileVisualizer.Build.cs	5
Profiler	build.cs	Engine/Source/Developer/Profiler/Profiler.Build.cs	5
ProfilerClient	build.cs	Engine/Source/Developer/ProfilerClient/ProfilerClient.Build.cs	5
ProfilerMessages	build.cs	Engine/Source/Developer/ProfilerMessages/ProfilerMessages.Build.cs	5
ProfilerService	build.cs	Engine/Source/Developer/ProfilerService/ProfilerService.Build.cs	5
ProjectLauncher	build.cs	Engine/Source/Developer/ProjectLauncher/ProjectLauncher.Build.cs	5
ProjectSettingsViewer	build.cs	Engine/Source/Editor/ProjectSettingsViewer/ProjectSettingsViewer.Build.cs	5
ProjectTargetPlatformEditor	build.cs	Engine/Source/Editor/ProjectTargetPlatformEditor/ProjectTargetPlatformEditor.Build.cs	5
Projects	build.cs	Engine/Source/Runtime/Projects/Projects.Build.cs	8
PropertyAccessEditor	uplugin	Engine/Plugins/Runtime/PropertyAccess/PropertyAccessEditor.uplugin	21
PropertyAccessNode	uplugin	Engine/Plugins/Developer/PropertyAccessNode/PropertyAccessNode.uplugin	19
PropertyAnimator	uplugin	Engine/Plugins/Experimental/PropertyAnimator/PropertyAnimator.uplugin	18
PropertyAnimatorCore	uplugin	Engine/Plugins/Experimental/PropertyAnimatorCore/PropertyAnimatorCore.uplugin	18
PropertyAnimatorCoreEditor	uplugin	Engine/Plugins/Experimental/PropertyAnimatorCore/PropertyAnimatorCore.uplugin	23
PropertyAnimatorEditor	uplugin	Engine/Plugins/Experimental/PropertyAnimator/PropertyAnimator.uplugin	24
PropertyBindingUtils	uplugin	Engine/Plugins/Runtime/PropertyBindingUtils/PropertyBindingUtils.uplugin	20
PropertyBindingUtilsTestSuite	uplugin	Engine/Plugins/Runtime/PropertyBindingUtils/PropertyBindingUtils.uplugin	25
PropertyEditor	build.cs	Engine/Source/Editor/PropertyEditor/PropertyEditor.Build.cs	5
PropertyPath	build.cs	Engine/Source/Runtime/PropertyPath/PropertyPath.Build.cs	5
ProxyLODMeshReduction	uplugin	Engine/Plugins/Editor/ProxyLODPlugin/ProxyLODPlugin.uplugin	20
ProxyTable	uplugin	Engine/Plugins/Experimental/Chooser/Chooser.uplugin	54
ProxyTableEditor	uplugin	Engine/Plugins/Experimental/Chooser/Chooser.uplugin	64
ProxyTableUncooked	uplugin	Engine/Plugins/Experimental/Chooser/Chooser.uplugin	59
Python3	build.cs	Engine/Source/ThirdParty/Python3/Python3.Build.cs	8
PythonAutomationTest	uplugin	Engine/Plugins/Tests/PythonAutomationTest/PythonAutomationTest.uplugin	19
PythonScriptPlugin	uplugin	Engine/Plugins/Experimental/PythonScriptPlugin/PythonScriptPlugin.uplugin	25
PythonScriptPluginPreload	uplugin	Engine/Plugins/Experimental/PythonScriptPlugin/PythonScriptPlugin.uplugin	20
Qos	uplugin	Engine/Plugins/Online/OnlineFramework/OnlineFramework.uplugin	15
QuadricMeshReduction	build.cs	Engine/Source/Developer/MeshSimplifier/QuadricMeshReduction.Build.cs	6
QuicMessaging	uplugin	Engine/Plugins/Experimental/QuicMessaging/QuicMessaging.uplugin	34
QuicMessagingTransport	uplugin	Engine/Plugins/Experimental/QuicMessaging/QuicMessaging.uplugin	50
RHI	build.cs	Engine/Source/Runtime/RHI/RHI.Build.cs	6
RHICore	build.cs	Engine/Source/Runtime/RHICore/RHICore.Build.cs	5
RHITests	uplugin	Engine/Plugins/Tests/RHITests/RHITests.uplugin	19
RPCLib	build.cs	Engine/Source/ThirdParty/rpclib/rpclib.Build.cs	7
RSA	build.cs	Engine/Source/Runtime/RSA/RSA.Build.cs	5
RSAEncryptionHandlerComponent	build.cs	Engine/Source/Runtime/PacketHandlers/EncryptionComponents/AsymmetricEncryption/RSAEncryptionHandlerComponent/RSAEncryptionHandlerComponent.Build.cs	6
RSAKeyAESEncryption	build.cs	Engine/Source/Runtime/PacketHandlers/EncryptionComponents/RSAKeyAESEncryption/RSAKeyAESEncryption.Build.cs	6
RadAudioDecoder	build.cs	Engine/Source/Runtime/RadAudioCodec/Module/RadAudioDecoder.Build.cs	8
RawInput	uplugin	Engine/Plugins/Experimental/RawInput/RawInput.uplugin	16
RawMesh	build.cs	Engine/Source/Runtime/RawMesh/RawMesh.Build.cs	5
RealtimeProfiler	build.cs	Engine/Source/Developer/RealtimeProfiler/RealtimeProfiler.Build.cs	5
Reflex	uplugin	Engine/Plugins/Runtime/Nvidia/Reflex/Reflex.uplugin	16
Rejoin	uplugin	Engine/Plugins/Online/OnlineFramework/OnlineFramework.uplugin	35
ReliabilityHandlerComponent	build.cs	Engine/Source/Runtime/PacketHandlers/ReliabilityHandlerComponent/ReliabilityHandlerComponent.Build.cs	6
RemoteControl	uplugin	Engine/Plugins/VirtualProduction/RemoteControl/RemoteControl.uplugin	36
RemoteControlCommon	uplugin	Engine/Plugins/VirtualProduction/RemoteControl/RemoteControl.uplugin	56
RemoteControlComponents	uplugin	Engine/Plugins/Experimental/RemoteControlComponents/RemoteControlComponents.uplugin	18
RemoteControlComponentsEditor	uplugin	Engine/Plugins/Experimental/RemoteControlComponents/RemoteControlComponents.uplugin	23
RemoteControlInterception	uplugin	Engine/Plugins/VirtualProduction/RemoteControlInterception/RemoteControlInterception.uplugin	19
RemoteControlLogic	uplugin	Engine/Plugins/VirtualProduction/RemoteControl/RemoteControl.uplugin	41
RemoteControlMultiUser	uplugin	Engine/Plugins/VirtualProduction/RemoteControl/RemoteControl.uplugin	76
RemoteControlProtocol	uplugin	Engine/Plugins/VirtualProduction/RemoteControl/RemoteControl.uplugin	66
RemoteControlProtocolDMX	uplugin	Engine/Plugins/VirtualProduction/RemoteControlProtocolDMX/RemoteControlProtocolDMX.uplugin	20
RemoteControlProtocolDMXEditor	uplugin	Engine/Plugins/VirtualProduction/RemoteControlProtocolDMX/RemoteControlProtocolDMX.uplugin	25
RemoteControlProtocolMIDI	uplugin	Engine/Plugins/VirtualProduction/RemoteControlProtocolMIDI/RemoteControlProtocolMIDI.uplugin	18
RemoteControlProtocolMIDIEditor	uplugin	Engine/Plugins/VirtualProduction/RemoteControlProtocolMIDI/RemoteControlProtocolMIDI.uplugin	27
RemoteControlProtocolOSC	uplugin	Engine/Plugins/VirtualProduction/RemoteControlProtocolOSC/RemoteControlProtocolOSC.uplugin	18
RemoteControlProtocolWidgets	uplugin	Engine/Plugins/VirtualProduction/RemoteControl/RemoteControl.uplugin	71
RemoteControlUI	uplugin	Engine/Plugins/VirtualProduction/RemoteControl/RemoteControl.uplugin	61
RemoteControlWebInterface	uplugin	Engine/Plugins/VirtualProduction/RemoteControlWebInterface/RemoteControlWebInterface.uplugin	19
RemoteDatabaseSupport	uplugin	Engine/Plugins/Runtime/Database/RemoteDatabaseSupport/RemoteDatabaseSupport.uplugin	19
RemoteSession	uplugin	Engine/Plugins/Experimental/RemoteSession/RemoteSession.uplugin	20
RemoteSessionEditor	uplugin	Engine/Plugins/Experimental/RemoteSession/RemoteSession.uplugin	28
RenderCore	build.cs	Engine/Source/Runtime/RenderCore/RenderCore.Build.cs	8
RenderDoc	build.cs	Engine/Source/ThirdParty/RenderDoc/RenderDoc.Build.cs	5
RenderDocPlugin	uplugin	Engine/Plugins/Developer/RenderDocPlugin/RenderDocPlugin.uplugin	15
RenderGraphInsights	uplugin	Engine/Plugins/RenderGraphInsights/RenderGraphInsights.uplugin	20
RenderGrid	uplugin	Engine/Plugins/Experimental/RenderGrid/RenderGrid.uplugin	20
RenderGridDeveloper	uplugin	Engine/Plugins/Experimental/RenderGrid/RenderGrid.uplugin	25
RenderGridEditor	uplugin	Engine/Plugins/Experimental/RenderGrid/RenderGrid.uplugin	30
RenderResourceViewer	build.cs	Engine/Source/Editor/RenderResourceViewer/RenderResourceViewer.Build.cs	5
RenderTrace	uplugin	Engine/Plugins/Runtime/RenderTrace/RenderTrace.uplugin	19
Renderer	build.cs	Engine/Source/Runtime/Renderer/Renderer.Build.cs	5
ReplayTracks	uplugin	Engine/Plugins/MovieScene/ReplayTracks/ReplayTracks.uplugin	20
ReplayTracksEditor	uplugin	Engine/Plugins/MovieScene/ReplayTracks/ReplayTracks.uplugin	25
ReplicationGraph	uplugin	Engine/Plugins/Runtime/ReplicationGraph/ReplicationGraph.uplugin	19
ReplicationSystemTestPlugin	uplugin	Engine/Plugins/Runtime/ReplicationSystemTestPlugin/ReplicationSystemTestPlugin.uplugin	20
ResonanceAudio	uplugin	Engine/Plugins/Runtime/ResonanceAudio/ResonanceAudio.uplugin	19
ResonanceAudioEditor	uplugin	Engine/Plugins/Runtime/ResonanceAudio/ResonanceAudio.uplugin	31
RewindDebugger	uplugin	Engine/Plugins/Animation/GameplayInsights/GameplayInsights.uplugin	33
RewindDebuggerInterface	build.cs	Engine/Source/Editor/RewindDebuggerInterface/RewindDebuggerInterface.Build.cs	5
RewindDebuggerVLog	uplugin	Engine/Plugins/Animation/GameplayInsights/GameplayInsights.uplugin	38
RiderSourceCodeAccess	uplugin	Engine/Plugins/Developer/RiderSourceCodeAccess/RiderSourceCodeAccess.uplugin	19
RigLogicDeveloper	uplugin	Engine/Plugins/Animation/RigLogic/RigLogic.uplugin	36
RigLogicEditor	uplugin	Engine/Plugins/Animation/RigLogic/RigLogic.uplugin	41
RigLogicLib	uplugin	Engine/Plugins/Animation/RigLogic/RigLogic.uplugin	18
RigLogicLibTest	uplugin	Engine/Plugins/Animation/RigLogic/RigLogic.uplugin	23
RigLogicModule	uplugin	Engine/Plugins/Animation/RigLogic/RigLogic.uplugin	31
RigVM	uplugin	Engine/Plugins/Runtime/RigVM/RigVM.uplugin	20
RigVMDeveloper	uplugin	Engine/Plugins/Runtime/RigVM/RigVM.uplugin	25
RigVMEditor	uplugin	Engine/Plugins/Runtime/RigVM/RigVM.uplugin	30
RivermaxCore	uplugin	Engine/Plugins/VirtualProduction/Rivermax/RivermaxCore/RivermaxCore.uplugin	26
RivermaxEditor	uplugin	Engine/Plugins/VirtualProduction/Rivermax/RivermaxCore/RivermaxCore.uplugin	32
RivermaxLib	build.cs	Engine/Source/ThirdParty/NVIDIA/Rivermax/RivermaxLib.build.cs	6
RivermaxMedia	uplugin	Engine/Plugins/VirtualProduction/Rivermax/RivermaxMedia/RivermaxMedia.uplugin	34
RivermaxMediaEditor	uplugin	Engine/Plugins/VirtualProduction/Rivermax/RivermaxMedia/RivermaxMedia.uplugin	40
RivermaxMediaFactory	uplugin	Engine/Plugins/VirtualProduction/Rivermax/RivermaxMedia/RivermaxMedia.uplugin	46
RivermaxRendering	uplugin	Engine/Plugins/VirtualProduction/Rivermax/RivermaxCore/RivermaxCore.uplugin	38
RivermaxSync	uplugin	Engine/Plugins/VirtualProduction/Rivermax/RivermaxSync/RivermaxSync.uplugin	34
RivermaxSyncEditor	uplugin	Engine/Plugins/VirtualProduction/Rivermax/RivermaxSync/RivermaxSync.uplugin	40
RuntimeAssetCache	build.cs	Engine/Source/Runtime/RuntimeAssetCache/RuntimeAssetCache.Build.cs	6
RuntimeTests	uplugin	Engine/Plugins/Tests/RuntimeTests/RuntimeTests.uplugin	19
S3Client	build.cs	Engine/Source/Developer/S3Client/S3Client.Build.cs	5
SDL2	build.cs	Engine/Source/ThirdParty/SDL2/SDL2.Build.cs	5
SPIRVReflect	build.cs	Engine/Source/ThirdParty/SPIRV-Reflect/SPIRVReflect.Build.cs	6
SQLiteCore	uplugin	Engine/Plugins/Runtime/Database/SQLiteCore/SQLiteCore.uplugin	20
SQLiteSupport	uplugin	Engine/Plugins/Runtime/Database/SQLiteSupport/SQLiteSupport.uplugin	19
SSL	build.cs	Engine/Source/Runtime/Online/SSL/SSL.Build.cs	5
SVGImporter	uplugin	Engine/Plugins/Experimental/SVGImporter/SVGImporter.uplugin	19
SVGImporterEditor	uplugin	Engine/Plugins/Experimental/SVGImporter/SVGImporter.uplugin	24
SampleToolsEditorMode	uplugin	Engine/Plugins/Editor/SampleToolsEditorMode/SampleToolsEditorMode.uplugin	18
SandboxFile	build.cs	Engine/Source/Runtime/SandboxFile/SandboxFile.Build.cs	5
SaveGameNetworkReplayStreaming	build.cs	Engine/Source/Runtime/NetworkReplayStreaming/SaveGameNetworkReplayStreaming/SaveGameNetworkReplayStreaming.Build.cs	5
SceneDepthPickerMode	build.cs	Engine/Source/Editor/SceneDepthPickerMode/SceneDepthPickerMode.Build.cs	5
SceneOutliner	build.cs	Engine/Source/Editor/SceneOutliner/SceneOutliner.Build.cs	5
ScreenReader	uplugin	Engine/Plugins/Experimental/ScreenReader/ScreenReader.uplugin	20
ScreenShotComparison	build.cs	Engine/Source/Developer/ScreenShotComparison/ScreenShotComparison.Build.cs	5
ScreenShotComparisonTools	build.cs	Engine/Source/Developer/ScreenShotComparisonTools/ScreenShotComparisonTools.Build.cs	5
ScriptDisassembler	build.cs	Engine/Source/Developer/ScriptDisassembler/ScriptDisassembler.Build.cs	5
ScriptEditorPlugin	uplugin	Engine/Plugins/ScriptPlugin/ScriptPlugin.uplugin	30
ScriptPlugin	uplugin	Engine/Plugins/ScriptPlugin/ScriptPlugin.uplugin	21
ScriptableEditorWidgets	build.cs	Engine/Source/Editor/ScriptableEditorWidgets/ScriptableEditorWidgets.Build.cs	5
ScriptableToolsEditorMode	uplugin	Engine/Plugins/Editor/ScriptableToolsEditorMode/ScriptableToolsEditorMode.uplugin	19
ScriptableToolsFramework	uplugin	Engine/Plugins/Runtime/ScriptableToolsFramework/ScriptableToolsFramework.uplugin	19
SecuritySandbox	uplugin	Engine/Plugins/Experimental/SecuritySandbox/SecuritySandbox.uplugin	16
SequenceRecorder	build.cs	Engine/Source/Editor/SequenceRecorder/SequenceRecorder.Build.cs	5
SequenceRecorderSections	build.cs	Engine/Source/Editor/SequenceRecorderSections/SequenceRecorderSections.Build.cs	5
Sequencer	build.cs	Engine/Source/Editor/Sequencer/Sequencer.Build.cs	5
SequencerAnimTools	uplugin	Engine/Plugins/Editor/SequencerAnimTools/SequencerAnimTools.uplugin	34
SequencerCore	build.cs	Engine/Source/Editor/SequencerCore/SequencerCore.Build.cs	5
SequencerPlaylists	uplugin	Engine/Plugins/VirtualProduction/SequencerPlaylists/SequencerPlaylists.uplugin	33
SequencerScripting	uplugin	Engine/Plugins/MovieScene/SequencerScripting/SequencerScripting.uplugin	25
SequencerScriptingEditor	uplugin	Engine/Plugins/MovieScene/SequencerScripting/SequencerScripting.uplugin	31
SequencerWidgets	build.cs	Engine/Source/Editor/SequencerWidgets/SequencerWidgets.Build.cs	5
Serialization	build.cs	Engine/Source/Runtime/Serialization/Serialization.Build.cs	5
SerializedRecorderInterface	build.cs	Engine/Source/Editor/SerializedRecorderInterface/SerializedRecorderInterface.Build.cs	5
SessionFrontend	build.cs	Engine/Source/Developer/SessionFrontend/SessionFrontend.Build.cs	7
SessionMessages	build.cs	Engine/Source/Runtime/SessionMessages/SessionMessages.Build.cs	5
SessionServices	build.cs	Engine/Source/Runtime/SessionServices/SessionServices.Build.cs	5
Settings	build.cs	Engine/Source/Developer/Settings/Settings.Build.cs	5
SettingsEditor	build.cs	Engine/Source/Developer/SettingsEditor/SettingsEditor.Build.cs	5
ShaderCompilerCommon	build.cs	Engine/Source/Developer/ShaderCompilerCommon/ShaderCompilerCommon.Build.cs	6
ShaderConductor	build.cs	Engine/Source/ThirdParty/ShaderConductor/ShaderConductor.Build.cs	7
ShaderFormatD3D	build.cs	Engine/Source/Developer/Windows/ShaderFormatD3D/ShaderFormatD3D.Build.cs	6
ShaderFormatOpenGL	build.cs	Engine/Source/Developer/ShaderFormatOpenGL/ShaderFormatOpenGL.Build.cs	5
ShaderFormatVectorVM	build.cs	Engine/Source/Developer/ShaderFormatVectorVM/ShaderFormatVectorVM.Build.cs	5
ShaderPreprocessor	build.cs	Engine/Source/Developer/ShaderPreprocessor/ShaderPreprocessor.Build.cs	5
SharedMemoryMedia	uplugin	Engine/Plugins/Runtime/nDisplay/nDisplay.uplugin	218
SharedMemoryMediaEditor	uplugin	Engine/Plugins/Runtime/nDisplay/nDisplay.uplugin	227
SharedSettingsWidgets	build.cs	Engine/Source/Developer/SharedSettingsWidgets/SharedSettingsWidgets.Build.cs	5
Shotgrid	uplugin	Engine/Plugins/Experimental/Shotgrid/Shotgrid.uplugin	20
SignalProcessing	build.cs	Engine/Source/Runtime/SignalProcessing/SignalProcessing.Build.cs	5
SignificanceManager	uplugin	Engine/Plugins/Runtime/SignificanceManager/SignificanceManager.uplugin	19
SimpleHMD	uplugin	Engine/Plugins/Experimental/SimpleHMD/SimpleHMD.uplugin	28
SkeletalMerging	uplugin	Engine/Plugins/Runtime/SkeletalMerging/SkeletalMerging.uplugin	20
SkeletalMeshDescription	build.cs	Engine/Source/Runtime/SkeletalMeshDescription/SkeletalMeshDescription.Build.cs	5
SkeletalMeshEditor	build.cs	Engine/Source/Editor/SkeletalMeshEditor/SkeletalMeshEditor.Build.cs	5
SkeletalMeshModelingTools	uplugin	Engine/Plugins/Experimental/Animation/SkeletalMeshModelingTools/SkeletalMeshModelingTools.uplugin	19
SkeletalMeshModifiers	uplugin	Engine/Plugins/Experimental/MeshModelingToolsetExp/MeshModelingToolsetExp.uplugin	40
SkeletalMeshReduction	uplugin	Engine/Plugins/Experimental/SkeletalReduction/SkeletalReduction.uplugin	20
SkeletalMeshUtilitiesCommon	build.cs	Engine/Source/Developer/SkeletalMeshUtilitiesCommon/SkeletalMeshUtilitiesCommon.Build.cs	9
SkeletonEditor	build.cs	Engine/Source/Editor/SkeletonEditor/SkeletonEditor.Build.cs	5
SlackIntegrations	build.cs	Engine/Source/Developer/SlackIntegrations/SlackIntegrations.Build.cs	5
Slate	build.cs	Engine/Source/Runtime/Slate/Slate.Build.cs	5
SlateCore	build.cs	Engine/Source/Runtime/SlateCore/SlateCore.Build.cs	5
SlateFileDialogs	build.cs	Engine/Source/Developer/SlateFileDialogs/SlateFileDialogs.Build.cs	5
SlateFontDialog	build.cs	Engine/Source/Developer/SlateFontDialog/SlateFontDialog.Build.cs	6
SlateInsights	uplugin	Engine/Plugins/Slate/SlateInsights/SlateInsights.uplugin	20
SlateMVVM	uplugin	Engine/Plugins/Experimental/SlateModelViewViewModel/SlateModelViewViewModel.uplugin	19
SlateNullRenderer	build.cs	Engine/Source/Runtime/SlateNullRenderer/SlateNullRenderer.Build.cs	5
SlateRHIRenderer	build.cs	Engine/Source/Runtime/SlateRHIRenderer/SlateRHIRenderer.Build.cs	5
SlateReflector	build.cs	Engine/Source/Developer/SlateReflector/SlateReflector.Build.cs	5
SlateScreenReader	uplugin	Engine/Plugins/Experimental/SlateScreenReader/SlateScreenReader.uplugin	20
SlateScriptingCommands	uplugin	Engine/Plugins/Slate/SlateScripting/SlateScripting.uplugin	19
SmartObjectsEditorModule	uplugin	Engine/Plugins/Runtime/SmartObjects/SmartObjects.uplugin	30
SmartObjectsModule	uplugin	Engine/Plugins/Runtime/SmartObjects/SmartObjects.uplugin	20
SmartObjectsTestSuite	uplugin	Engine/Plugins/Runtime/SmartObjects/SmartObjects.uplugin	25
SmartSnapping	uplugin	Engine/Plugins/2D/Paper2D/Paper2D.uplugin	40
SnappyLib	build.cs	Engine/Source/ThirdParty/HAPMedia/SnappyLib/SnappyLib.Build.cs	6
SocketSubsystemEOS	uplugin	Engine/Plugins/Online/SocketSubsystemEOS/SocketSubsystemEOS.uplugin	15
Sockets	build.cs	Engine/Source/Runtime/Sockets/Sockets.Build.cs	5
SoundCueTemplates	uplugin	Engine/Plugins/Runtime/SoundCueTemplates/SoundCueTemplates.uplugin	18
SoundCueTemplatesEditor	uplugin	Engine/Plugins/Runtime/SoundCueTemplates/SoundCueTemplates.uplugin	23
SoundFieldRendering	build.cs	Engine/Source/Runtime/SoundFieldRendering/SoundFieldRendering.Build.cs	5
SoundFields	uplugin	Engine/Plugins/Runtime/SoundFields/SoundFields.uplugin	19
SoundMod	uplugin	Engine/Plugins/Runtime/SoundMod/SoundMod.uplugin	20
SoundModImporter	uplugin	Engine/Plugins/Runtime/SoundMod/SoundMod.uplugin	32
SoundTouchZ	build.cs	Engine/Source/ThirdParty/SoundTouchZ/SoundTouchZ.Build.cs	7
SoundUtilities	uplugin	Engine/Plugins/Runtime/SoundUtilities/SoundUtilities.uplugin	20
SoundUtilitiesEditor	uplugin	Engine/Plugins/Runtime/SoundUtilities/SoundUtilities.uplugin	25
Soundscape	uplugin	Engine/Plugins/Runtime/Soundscape/Soundscape.uplugin	20
SoundscapeEditor	uplugin	Engine/Plugins/Runtime/Soundscape/Soundscape.uplugin	25
SourceCodeAccess	build.cs	Engine/Source/Developer/SourceCodeAccess/SourceCodeAccess.Build.cs	5
SourceControl	build.cs	Engine/Source/Developer/SourceControl/SourceControl.Build.cs	5
SourceControlCheckInPrompt	build.cs	Engine/Source/Developer/SourceControlCheckInPrompt/SourceControlCheckInPrompt.Build.cs	5
SourceControlViewport	build.cs	Engine/Source/Developer/SourceControlViewport/SourceControlViewport.Build.cs	5
SourceControlWindowExtender	build.cs	Engine/Source/Editor/SourceControlWindowExtender/SourceControlWindowExtender.Build.cs	5
SourceControlWindows	build.cs	Engine/Source/Editor/SourceControlWindows/SourceControlWindows.Build.cs	5
SourceFilteringCore	uplugin	Engine/Plugins/Developer/TraceSourceFiltering/TraceSourceFilters.uplugin	25
SourceFilteringEditor	uplugin	Engine/Plugins/Developer/TraceSourceFiltering/TraceSourceFilters.uplugin	31
SourceFilteringTrace	uplugin	Engine/Plugins/Developer/TraceSourceFiltering/TraceSourceFilters.uplugin	19
SparseVolumeTexture	build.cs	Engine/Source/Editor/SparseVolumeTexture/SparseVolumeTexture.Build.cs	5
Spatialization	uplugin	Engine/Plugins/Runtime/Spatialization/Spatialization.uplugin	18
SpatializationEditor	uplugin	Engine/Plugins/Runtime/Spatialization/Spatialization.uplugin	23
SpeedTree	build.cs	Engine/Source/ThirdParty/SpeedTree/SpeedTree.Build.cs	5
SpeedTreeImporter	uplugin	Engine/Plugins/Editor/SpeedTreeImporter/SpeedTreeImporter.uplugin	19
StageDataCore	build.cs	Engine/Source/Runtime/VirtualProduction/StageDataCore/StageDataCore.build.cs	5
StageDataProvider	uplugin	Engine/Plugins/VirtualProduction/StageMonitoring/StageMonitoring.uplugin	38
StageMonitor	uplugin	Engine/Plugins/VirtualProduction/StageMonitoring/StageMonitoring.uplugin	28
StageMonitorCommon	uplugin	Engine/Plugins/VirtualProduction/StageMonitoring/StageMonitoring.uplugin	43
StageMonitorEditor	uplugin	Engine/Plugins/VirtualProduction/StageMonitoring/StageMonitoring.uplugin	33
StandaloneRenderer	build.cs	Engine/Source/Developer/StandaloneRenderer/StandaloneRenderer.Build.cs	5
StateGraph	uplugin	Engine/Plugins/Experimental/StateGraph/StateGraph.uplugin	13
StateGraphManager	uplugin	Engine/Plugins/Experimental/StateGraph/StateGraph.uplugin	18
StateTreeEditorModule	uplugin	Engine/Plugins/Runtime/StateTree/StateTree.uplugin	29
StateTreeModule	uplugin	Engine/Plugins/Runtime/StateTree/StateTree.uplugin	19
StateTreeTestSuite	uplugin	Engine/Plugins/Runtime/StateTree/StateTree.uplugin	24
StaticMeshDescription	build.cs	Engine/Source/Runtime/StaticMeshDescription/StaticMeshDescription.Build.cs	5
StaticMeshEditor	build.cs	Engine/Source/Editor/StaticMeshEditor/StaticMeshEditor.Build.cs	6
StaticMeshEditorModeling	uplugin	Engine/Plugins/Editor/StaticMeshEditorModeling/StaticMeshEditorModeling.uplugin	19
StatsViewer	build.cs	Engine/Source/Editor/StatsViewer/StatsViewer.Build.cs	5
StatusBar	build.cs	Engine/Source/Editor/StatusBar/StatusBar.Build.cs	5
SteamAudio	uplugin	Engine/Plugins/Runtime/Steam/SteamAudio/SteamAudio.uplugin	20
SteamController	uplugin	Engine/Plugins/Runtime/Steam/SteamController/SteamController.uplugin	20
SteamShared	uplugin	Engine/Plugins/Runtime/Steam/SteamShared/SteamShared.uplugin	14
SteamSockets	uplugin	Engine/Plugins/Runtime/Steam/SteamSockets/SteamSockets.uplugin	17
Steamworks	build.cs	Engine/Source/ThirdParty/Steamworks/Steamworks.build.cs	8
Stomp	build.cs	Engine/Source/Runtime/Online/Stomp/Stomp.Build.cs	5
StorageServerClient	build.cs	Engine/Source/Runtime/StorageServerClient/StorageServerClient.Build.cs	5
StormSyncAvaBridge	uplugin	Engine/Plugins/Experimental/StormSyncAvalancheBridge/StormSyncAvalancheBridge.uplugin	24
StormSyncAvaBridgeEditor	uplugin	Engine/Plugins/Experimental/StormSyncAvalancheBridge/StormSyncAvalancheBridge.uplugin	19
StormSyncCore	uplugin	Engine/Plugins/Experimental/StormSync/StormSync.uplugin	19
StormSyncDrives	uplugin	Engine/Plugins/Experimental/StormSync/StormSync.uplugin	29
StormSyncEditor	uplugin	Engine/Plugins/Experimental/StormSync/StormSync.uplugin	39
StormSyncImport	uplugin	Engine/Plugins/Experimental/StormSync/StormSync.uplugin	89
StormSyncTests	uplugin	Engine/Plugins/Experimental/StormSync/StormSync.uplugin	49
StormSyncTransportClient	uplugin	Engine/Plugins/Experimental/StormSync/StormSync.uplugin	69
StormSyncTransportCore	uplugin	Engine/Plugins/Experimental/StormSync/StormSync.uplugin	59
StormSyncTransportServer	uplugin	Engine/Plugins/Experimental/StormSync/StormSync.uplugin	79
StreamEncryptionHandlerComponent	build.cs	Engine/Source/Runtime/PacketHandlers/EncryptionComponents/SymmetricEncryption/StreamEncryption/StreamEncryptionHandlerComponent/StreamEncryptionHandlerComponent.Build.cs	6
StreamingFile	build.cs	Engine/Source/Runtime/StreamingFile/StreamingFile.Build.cs	5
StreamingPauseRendering	build.cs	Engine/Source/Runtime/StreamingPauseRendering/StreamingPauseRendering.Build.cs	5
StringTableEditor	build.cs	Engine/Source/Editor/StringTableEditor/StringTableEditor.Build.cs	5
StructUtils	uplugin	Engine/Plugins/Experimental/StructUtils/StructUtils.uplugin	21
StructUtilsEditor	uplugin	Engine/Plugins/Experimental/StructUtils/StructUtils.uplugin	31
StructUtilsEngine	uplugin	Engine/Plugins/Experimental/StructUtils/StructUtils.uplugin	27
StructUtilsNodes	uplugin	Engine/Plugins/Experimental/StructUtils/StructUtils.uplugin	35
StructUtilsTestSuite	uplugin	Engine/Plugins/Experimental/StructUtils/StructUtils.uplugin	39
StructViewer	build.cs	Engine/Source/Editor/StructViewer/StructViewer.Build.cs	5
StudioTelemetry	uplugin	Engine/Plugins/Experimental/StudioTelemetry/StudioTelemetry.uplugin	29
StylusInput	uplugin	Engine/Plugins/Editor/StylusInput/StylusInput.uplugin	20
SubobjectDataInterface	build.cs	Engine/Source/Editor/SubobjectDataInterface/SubobjectDataInterface.Build.cs	6
SubobjectEditor	build.cs	Engine/Source/Editor/SubobjectEditor/SubobjectEditor.Build.cs	6
SubversionSourceControl	uplugin	Engine/Plugins/Developer/SubversionSourceControl/SubversionSourceControl.uplugin	20
SunPosition	uplugin	Engine/Plugins/Runtime/SunPosition/SunPosition.uplugin	19
SurfaceEffects	uplugin	Engine/Plugins/Experimental/SurfaceEffects/SurfaceEffects.uplugin	18
SwarmInterface	build.cs	Engine/Source/Editor/SwarmInterface/SwarmInterface.Build.cs	6
Swift	build.cs	Engine/Source/ThirdParty/Apple/Swift/Swift.Build.cs	6
SwitchboardCommon	uplugin	Engine/Plugins/VirtualProduction/Switchboard/Switchboard.uplugin	19
SwitchboardEditor	uplugin	Engine/Plugins/VirtualProduction/Switchboard/Switchboard.uplugin	28
SymsLib	build.cs	Engine/Source/Runtime/SymsLib/SymsLib.Build.cs	6
SynthBenchmark	build.cs	Engine/Source/Runtime/SynthBenchmark/SynthBenchmark.Build.cs	5
Synthesis	uplugin	Engine/Plugins/Runtime/Synthesis/Synthesis.uplugin	20
SynthesisEditor	uplugin	Engine/Plugins/Runtime/Synthesis/Synthesis.uplugin	25
TVOSTargetPlatform	build.cs	Engine/Source/Developer/IOS/TVOSTargetPlatform/TVOSTargetPlatform.Build.cs	5
TakeMovieScene	uplugin	Engine/Plugins/VirtualProduction/Takes/Takes.uplugin	55
TakeRecorder	uplugin	Engine/Plugins/VirtualProduction/Takes/Takes.uplugin	49
TakeRecorderSources	uplugin	Engine/Plugins/VirtualProduction/Takes/Takes.uplugin	43
TakeSequencer	uplugin	Engine/Plugins/VirtualProduction/Takes/Takes.uplugin	61
TakeTrackRecorders	uplugin	Engine/Plugins/VirtualProduction/Takes/Takes.uplugin	37
TakesCore	uplugin	Engine/Plugins/VirtualProduction/Takes/Takes.uplugin	31
TargetDeviceServices	build.cs	Engine/Source/Developer/TargetDeviceServices/TargetDeviceServices.Build.cs	5
TargetDeviceServicesScripting	uplugin	Engine/Plugins/Experimental/TargetDeviceServicesScripting/TargetDeviceServicesScripting.uplugin	17
TargetPlatform	build.cs	Engine/Source/Developer/TargetPlatform/TargetPlatform.Build.cs	6
TargetingSystem	uplugin	Engine/Plugins/Experimental/GameplayTargetingSystem/TargetingSystem.uplugin	19
TcpMessaging	uplugin	Engine/Plugins/Messaging/TcpMessaging/TcpMessaging.uplugin	21
TedsOutliner	uplugin	Engine/Plugins/Experimental/TypedElementDataStorageEditorUI/TypedElementDataStorageEditorUI.uplugin	19
TedsPropertyEditor	uplugin	Engine/Plugins/Experimental/TypedElementDataStorageEditorUI/TypedElementDataStorageEditorUI.uplugin	23
TelemetryUtils	build.cs	Engine/Source/Runtime/Analytics/TelemetryUtils/TelemetryUtils.Build.cs	5
TemplateSequence	uplugin	Engine/Plugins/MovieScene/TemplateSequence/TemplateSequence.uplugin	27
TemplateSequenceEditor	uplugin	Engine/Plugins/MovieScene/TemplateSequence/TemplateSequence.uplugin	32
TestFramework	uplugin	Engine/Plugins/Tests/TestFramework/TestFramework.uplugin	19
TestSamples	uplugin	Engine/Plugins/Tests/TestSamples/TestSamples.uplugin	19
TetMeshing	uplugin	Engine/Plugins/Experimental/TetMeshing/TetMeshing.uplugin	19
Text3D	uplugin	Engine/Plugins/Experimental/Text3D/Text3D.uplugin	17
Text3DEditor	uplugin	Engine/Plugins/Experimental/Text3D/Text3D.uplugin	23
TextToSpeech	uplugin	Engine/Plugins/Experimental/TextToSpeech/TextToSpeech.uplugin	20
TextureAlignMode	uplugin	Engine/Plugins/Editor/GeometryMode/GeometryMode.uplugin	29
TextureBuild	build.cs	Engine/Source/Developer/TextureBuild/TextureBuild.Build.cs	5
TextureBuildUtilities	build.cs	Engine/Source/Developer/TextureBuildUtilities/TextureBuildUtilities.Build.cs	5
TextureCompressor	build.cs	Engine/Source/Developer/TextureCompressor/TextureCompressor.Build.cs	5
TextureEditor	build.cs	Engine/Source/Editor/TextureEditor/TextureEditor.Build.cs	5
TextureFormat	build.cs	Engine/Source/Developer/TextureFormat/TextureFormat.Build.cs	5
TextureFormatASTC	build.cs	Engine/Source/Developer/TextureFormatASTC/TextureFormatASTC.Build.cs	5
TextureFormatDXT	build.cs	Engine/Source/Developer/TextureFormatDXT/TextureFormatDXT.Build.cs	5
TextureFormatETC2	build.cs	Engine/Source/Developer/TextureFormatETC2/TextureFormatETC2.Build.cs	5
TextureFormatIntelISPCTexComp	build.cs	Engine/Source/Developer/TextureFormatIntelISPCTexComp/TextureFormatIntelISPCTexComp.Build.cs	5
TextureFormatOodle	uplugin	Engine/Plugins/Developer/TextureFormatOodle/TextureFormatOodle.uplugin	18
TextureFormatUncompressed	build.cs	Engine/Source/Developer/TextureFormatUncompressed/TextureFormatUncompressed.Build.cs	5
TextureGraph	uplugin	Engine/Plugins/Experimental/TextureGraph/TextureGraph.uplugin	42
TextureGraphEditor	uplugin	Engine/Plugins/Experimental/TextureGraph/TextureGraph.uplugin	50
TextureGraphEngine	uplugin	Engine/Plugins/Experimental/TextureGraph/TextureGraph.uplugin	18
TextureGraphInsight	uplugin	Engine/Plugins/Experimental/TextureGraph/TextureGraph.uplugin	26
TextureGraphInsightEditor	uplugin	Engine/Plugins/Experimental/TextureGraph/TextureGraph.uplugin	34
TextureMediaPlayer	uplugin	Engine/Plugins/Experimental/TextureMediaPlayer/TextureMediaPlayer.uplugin	19
TextureMediaPlayerFactory	uplugin	Engine/Plugins/Experimental/TextureMediaPlayer/TextureMediaPlayer.uplugin	26
TextureShare	uplugin	Engine/Plugins/VirtualProduction/TextureShare/TextureShare.uplugin	27
TextureShareCore	uplugin	Engine/Plugins/VirtualProduction/TextureShare/TextureShare.uplugin	19
TextureShareDisplayCluster	uplugin	Engine/Plugins/VirtualProduction/TextureShare/TextureShare.uplugin	35
TextureUtilitiesCommon	build.cs	Engine/Source/Runtime/TextureUtilitiesCommon/TextureUtilitiesCommon.build.cs	5
TimeManagement	build.cs	Engine/Source/Runtime/TimeManagement/TimeManagement.Build.cs	5
TimecodeSynchronizer	uplugin	Engine/Plugins/Media/TimecodeSynchronizer/TimecodeSynchronizer.uplugin	19
TimecodeSynchronizerEditor	uplugin	Engine/Plugins/Media/TimecodeSynchronizer/TimecodeSynchronizer.uplugin	24
TimedDataMonitor	uplugin	Engine/Plugins/VirtualProduction/TimedDataMonitor/TimedDataMonitor.uplugin	19
TimedDataMonitorEditor	uplugin	Engine/Plugins/VirtualProduction/TimedDataMonitor/TimedDataMonitor.uplugin	24
ToolMenus	build.cs	Engine/Source/Developer/ToolMenus/ToolMenus.Build.cs	5
ToolMenusEditor	build.cs	Engine/Source/Editor/ToolMenusEditor/ToolMenusEditor.Build.cs	5
ToolPresetAsset	uplugin	Engine/Plugins/Experimental/ToolPresets/ToolPresets.uplugin	20
ToolPresetEditor	uplugin	Engine/Plugins/Experimental/ToolPresets/ToolPresets.uplugin	25
ToolWidgets	build.cs	Engine/Source/Developer/ToolWidgets/ToolWidgets.Build.cs	5
TraceAnalysis	build.cs	Engine/Source/Developer/TraceAnalysis/TraceAnalysis.Build.cs	5
TraceDataFiltering	uplugin	Engine/Plugins/Developer/TraceDataFiltering/TraceDataFilters.uplugin	20
TraceInsights	build.cs	Engine/Source/Developer/TraceInsights/TraceInsights.Build.cs	5
TraceLog	build.cs	Engine/Source/Runtime/TraceLog/TraceLog.Build.cs	7
TraceServices	build.cs	Engine/Source/Developer/TraceServices/TraceServices.Build.cs	5
TraceUtilities	uplugin	Engine/Plugins/TraceUtilities/TraceUtilities.uplugin	19
TranslationEditor	build.cs	Engine/Source/Editor/TranslationEditor/TranslationEditor.Build.cs	5
TreeMap	build.cs	Engine/Source/Developer/TreeMap/TreeMap.Build.cs	5
TurnkeyIO	build.cs	Engine/Source/Developer/TurnkeyIO/TurnkeyIO.Build.cs	5
TurnkeySupport	build.cs	Engine/Source/Editor/TurnkeySupport/TurnkeySupport.Build.cs	5
TwoFishBlockEncryptor	build.cs	Engine/Source/Runtime/PacketHandlers/EncryptionComponents/SymmetricEncryption/BlockEncryption/TwoFishBlockEncryptor/TwoFishBlockEncryptor.Build.cs	6
TypedElementFramework	build.cs	Engine/Source/Runtime/TypedElementFramework/TypedElementFramework.Build.cs	6
TypedElementRuntime	build.cs	Engine/Source/Runtime/TypedElementRuntime/TypedElementRuntime.Build.cs	6
TypedElementsDataStorage	uplugin	Engine/Plugins/Experimental/TypedElementsDataStorage/TypedElementsDataStorage.uplugin	19
TypedElementsDataStorageRevisionControl	uplugin	Engine/Plugins/Experimental/TypedElementsDataStorage/TypedElementsDataStorage.uplugin	27
TypedElementsDataStorageUI	uplugin	Engine/Plugins/Experimental/TypedElementsDataStorage/TypedElementsDataStorage.uplugin	23
UATHelper	build.cs	Engine/Source/Editor/UATHelper/UATHelper.Build.cs	5
UEJpegComp	build.cs	Engine/Source/Runtime/UEJpegComp/UEJpegComp.Build.cs	5
UELibSampleRate	build.cs	Engine/Source/ThirdParty/libSampleRate/UElibSampleRate.Build.cs	5
UELibrary	build.cs	Engine/Source/Runtime/UELibrary/UELibrary.Build.cs	5
UEOgg	build.cs	Engine/Source/ThirdParty/Ogg/UEOgg.Build.cs	6
UEOpenExr	build.cs	Engine/Source/ThirdParty/openexr/UEOpenExr.Build.cs	6
UEOpenExrRTTI	uplugin	Engine/Plugins/MovieScene/MovieRenderPipeline/MovieRenderPipeline.uplugin	76
UEWavComp	build.cs	Engine/Source/Runtime/UEWavComp/UEWavComp.Build.cs	5
UElibJPG	build.cs	Engine/Source/ThirdParty/libJPG/UElibJPG.Build.cs	5
UElibPNG	build.cs	Engine/Source/ThirdParty/libPNG/UElibPNG.Build.cs	7
UIFramework	uplugin	Engine/Plugins/Experimental/UIFramework/UIFramework.uplugin	19
UMG	build.cs	Engine/Source/Runtime/UMG/UMG.Build.cs	5
UMGEditor	build.cs	Engine/Source/Editor/UMGEditor/UMGEditor.Build.cs	5
UObjectPlugin	uplugin	Engine/Plugins/Developer/UObjectPlugin/UObjectPlugin.uplugin	20
USDClasses	uplugin	Engine/Plugins/Importers/USDImporter/USDImporter.uplugin	83
USDClassesEditor	uplugin	Engine/Plugins/Importers/USDImporter/USDImporter.uplugin	88
USDExporter	uplugin	Engine/Plugins/Importers/USDImporter/USDImporter.uplugin	75
USDMultiUser	uplugin	Engine/Plugins/Importers/USDMultiUser/USDMultiUser.uplugin	23
USDSchemas	uplugin	Engine/Plugins/Importers/USDImporter/USDImporter.uplugin	35
USDStage	uplugin	Engine/Plugins/Importers/USDImporter/USDImporter.uplugin	43
USDStageEditor	uplugin	Engine/Plugins/Importers/USDImporter/USDImporter.uplugin	51
USDStageEditorViewModels	uplugin	Engine/Plugins/Importers/USDImporter/USDImporter.uplugin	67
USDStageImporter	uplugin	Engine/Plugins/Importers/USDImporter/USDImporter.uplugin	59
USDTests	uplugin	Engine/Plugins/Importers/USDImporter/USDImporter.uplugin	104
USDUtilities	uplugin	Engine/Plugins/Importers/USDImporter/USDImporter.uplugin	27
UVEditor	uplugin	Engine/Plugins/Editor/UVEditor/UVEditor.uplugin	19
UVEditorTools	uplugin	Engine/Plugins/Editor/UVEditor/UVEditor.uplugin	24
UVEditorToolsEditorOnly	uplugin	Engine/Plugins/Editor/UVEditor/UVEditor.uplugin	29
UbaController	uplugin	Engine/Plugins/UbaController/UbaController.uplugin	22
UdpMessaging	uplugin	Engine/Plugins/Messaging/UdpMessaging/UdpMessaging.uplugin	30
UncontrolledChangelists	build.cs	Engine/Source/Developer/UncontrolledChangelists/UncontrolledChangelists.Build.cs	5
UndoHistory	build.cs	Engine/Source/Developer/UndoHistory/UndoHistory.Build.cs	5
UndoHistoryEditor	build.cs	Engine/Source/Editor/UndoHistoryEditor/UndoHistoryEditor.Build.cs	5
UniversalObjectLocator	build.cs	Engine/Source/Runtime/UniversalObjectLocator/UniversalObjectLocator.Build.cs	5
UniversalObjectLocatorEditor	build.cs	Engine/Source/Editor/UniversalObjectLocatorEditor/UniversalObjectLocatorEditor.Build.cs	5
UnixCommonStartup	build.cs	Engine/Source/Runtime/Unix/UnixCommonStartup/UnixCommonStartup.Build.cs	6
UnrealEd	build.cs	Engine/Source/Editor/UnrealEd/UnrealEd.Build.cs	6
UnrealEdMessages	build.cs	Engine/Source/Editor/UnrealEdMessages/UnrealEdMessages.Build.cs	5
UnrealGame	build.cs	Engine/Source/Runtime/UnrealGame/UnrealGame.Build.cs	5
UnrealUSDWrapper	uplugin	Engine/Plugins/Importers/USDImporter/USDImporter.uplugin	19
UnsavedAssetsTracker	build.cs	Engine/Source/Developer/UnsavedAssetsTracker/Source/UnsavedAssetsTracker.Build.cs	5
UserToolBoxBasicCommand	uplugin	Engine/Plugins/Experimental/UserToolBoxBasicCommand/UserToolBoxBasicCommand.uplugin	19
UserToolBoxCore	uplugin	Engine/Plugins/Experimental/UserToolBoxCore/UserToolBoxCore.uplugin	19
VCamBlueprintNodes	uplugin	Engine/Plugins/VirtualProduction/VirtualCameraCore/VirtualCameraCore.uplugin	34
VCamCore	uplugin	Engine/Plugins/VirtualProduction/VirtualCameraCore/VirtualCameraCore.uplugin	39
VCamCoreEditor	uplugin	Engine/Plugins/VirtualProduction/VirtualCameraCore/VirtualCameraCore.uplugin	47
VCamExtensions	uplugin	Engine/Plugins/VirtualProduction/VirtualCamera/VirtualCamera.uplugin	19
VCamExtensionsEditor	uplugin	Engine/Plugins/VirtualProduction/VirtualCamera/VirtualCamera.uplugin	24
VHACD	build.cs	Engine/Source/ThirdParty/VHACD/VHACD.Build.cs	4
VPBookmark	uplugin	Engine/Plugins/Experimental/VirtualProductionUtilities/VirtualProductionUtilities.uplugin	28
VPBookmarkEditor	uplugin	Engine/Plugins/Experimental/VirtualProductionUtilities/VirtualProductionUtilities.uplugin	33
VPMaterialsEditor	uplugin	Engine/Plugins/Experimental/VirtualProductionUtilities/VirtualProductionUtilities.uplugin	38
VPRoles	uplugin	Engine/Plugins/Experimental/VirtualProduction/VPRoles/VPRoles.uplugin	19
VPRolesEditor	uplugin	Engine/Plugins/Experimental/VirtualProduction/VPRoles/VPRoles.uplugin	24
VPSettings	uplugin	Engine/Plugins/Experimental/VirtualProduction/VPSettings/VPSettings.uplugin	19
VPUtilities	uplugin	Engine/Plugins/Experimental/VirtualProductionUtilities/VirtualProductionUtilities.uplugin	18
VPUtilitiesEditor	uplugin	Engine/Plugins/Experimental/VirtualProductionUtilities/VirtualProductionUtilities.uplugin	23
VPxDecoderElectra	uplugin	Engine/Plugins/Media/VPxDecoderElectra/VPxDecoderElectra.uplugin	16
VREditor	build.cs	Engine/Source/Editor/VREditor/VREditor.Build.cs	5
VTCodecs	uplugin	Engine/Plugins/Experimental/AVCodecs/VTCodecs/VTCodecs.uplugin	18
VTCodecsRHI	uplugin	Engine/Plugins/Experimental/AVCodecs/VTCodecs/VTCodecs.uplugin	29
VariantManager	uplugin	Engine/Plugins/Enterprise/VariantManager/VariantManager.uplugin	20
VariantManagerContent	uplugin	Engine/Plugins/Enterprise/VariantManagerContent/VariantManagerContent.uplugin	20
VariantManagerContentEditor	uplugin	Engine/Plugins/Enterprise/VariantManagerContent/VariantManagerContent.uplugin	25
VectorVM	build.cs	Engine/Source/Runtime/VectorVM/VectorVM.Build.cs	5
VertexDeltaModel	uplugin	Engine/Plugins/Animation/MLDeformer/VertexDeltaModel/VertexDeltaModel.uplugin	24
VertexDeltaModelEditor	uplugin	Engine/Plugins/Animation/MLDeformer/VertexDeltaModel/VertexDeltaModel.uplugin	30
ViewportInteraction	build.cs	Engine/Source/Editor/ViewportInteraction/ViewportInteraction.Build.cs	7
ViewportSnapping	build.cs	Engine/Source/Editor/ViewportSnapping/ViewportSnapping.Build.cs	5
VirtualCamera	uplugin	Engine/Plugins/VirtualProduction/VirtualCamera/VirtualCamera.uplugin	29
VirtualCameraEditor	uplugin	Engine/Plugins/VirtualProduction/VirtualCamera/VirtualCamera.uplugin	34
VirtualFileCache	build.cs	Engine/Source/Runtime/VirtualFileCache/VirtualFileCache.Build.cs	5
VirtualHeightfieldMesh	uplugin	Engine/Plugins/Experimental/VirtualHeightfieldMesh/VirtualHeightfieldMesh.uplugin	19
VirtualHeightfieldMeshEditor	uplugin	Engine/Plugins/Experimental/VirtualHeightfieldMesh/VirtualHeightfieldMesh.uplugin	25
VirtualScouting	uplugin	Engine/Plugins/Experimental/VirtualScouting/VirtualScouting.uplugin	31
VirtualScoutingEditor	uplugin	Engine/Plugins/Experimental/VirtualScouting/VirtualScouting.uplugin	39
VirtualScoutingOpenXR	uplugin	Engine/Plugins/Experimental/VirtualScouting/VirtualScouting.uplugin	23
VirtualTexturingEditor	build.cs	Engine/Source/Editor/VirtualTexturingEditor/VirtualTexturingEditor.Build.cs	5
Virtualization	build.cs	Engine/Source/Developer/Virtualization/Virtualization.Build.cs	6
VirtualizationEditor	build.cs	Engine/Source/Editor/VirtualizationEditor/VirtualizationEditor.Build.cs	5
VisualGraphUtils	build.cs	Engine/Source/Developer/VisualGraphUtils/VisualGraphUtils.Build.cs	5
VisualStudioCodeSourceCodeAccess	uplugin	Engine/Plugins/Developer/VisualStudioCodeSourceCodeAccess/VisualStudioCodeSourceCodeAccess.uplugin	20
VisualStudioDTE	build.cs	Engine/Source/ThirdParty/Windows/VisualStudioDTE/VisualStudioDTE.Build.cs	12
VisualStudioSourceCodeAccess	uplugin	Engine/Plugins/Developer/VisualStudioSourceCodeAccess/VisualStudioSourceCodeAccess.uplugin	21
Voice	build.cs	Engine/Source/Runtime/Online/Voice/Voice.Build.cs	6
VoiceChat	uplugin	Engine/Plugins/Online/VoiceChat/VoiceChat/VoiceChat.uplugin	16
Vorbis	build.cs	Engine/Source/ThirdParty/Vorbis/Vorbis.Build.cs	5
VorbisAudioDecoder	build.cs	Engine/Source/Runtime/VorbisAudioDecoder/Module/VorbisAudioDecoder.Build.cs	5
VorbisFile	build.cs	Engine/Source/ThirdParty/Vorbis/VorbisFile.Build.cs	5
Voronoi	build.cs	Engine/Source/Runtime/Experimental/Voronoi/Voronoi.Build.cs	5
Vulkan	build.cs	Engine/Source/ThirdParty/Vulkan/Vulkan.Build.cs	7
VulkanRHI	build.cs	Engine/Source/Runtime/VulkanRHI/VulkanRHI.Build.cs	6
VulkanShaderFormat	build.cs	Engine/Source/Developer/VulkanShaderFormat/VulkanShaderFormat.Build.cs	5
WMFCodecs	uplugin	Engine/Plugins/Experimental/AVCodecs/WMFCodecs/WMFCodecs.uplugin	18
WarpUtils	uplugin	Engine/Plugins/Runtime/WarpUtils/WarpUtils.uplugin	27
Water	uplugin	Engine/Plugins/Experimental/Water/Water.uplugin	19
WaterEditor	uplugin	Engine/Plugins/Experimental/Water/Water.uplugin	24
WaveFunctionCollapse	uplugin	Engine/Plugins/Experimental/WaveFunctionCollapse/WaveFunctionCollapse.uplugin	18
WaveTable	uplugin	Engine/Plugins/Runtime/WaveTable/WaveTable.uplugin	20
WaveTableEditor	uplugin	Engine/Plugins/Runtime/WaveTable/WaveTable.uplugin	25
WaveformEditor	uplugin	Engine/Plugins/Editor/WaveformEditor/WaveformEditor.uplugin	19
WaveformEditorWidgets	uplugin	Engine/Plugins/Editor/WaveformEditor/WaveformEditor.uplugin	24
WaveformTransformations	uplugin	Engine/Plugins/Editor/WaveformEditor/WaveformEditor.uplugin	29
WaveformTransformationsWidgets	uplugin	Engine/Plugins/Editor/WaveformEditor/WaveformEditor.uplugin	34
WebAPI	uplugin	Engine/Plugins/Experimental/Web/WebAPI/WebAPI.uplugin	20
WebAPIBlueprintGraph	uplugin	Engine/Plugins/Experimental/Web/WebAPI/WebAPI.uplugin	30
WebAPIEditor	uplugin	Engine/Plugins/Experimental/Web/WebAPI/WebAPI.uplugin	25
WebAPILiquidJS	uplugin	Engine/Plugins/Experimental/Web/WebAPI/WebAPI.uplugin	40
WebAPIOpenAPI	uplugin	Engine/Plugins/Experimental/Web/WebAPI/WebAPI.uplugin	35
WebAuth	uplugin	Engine/Plugins/Online/WebAuth/WebAuth.uplugin	15
WebBrowser	build.cs	Engine/Source/Runtime/WebBrowser/WebBrowser.Build.cs	6
WebBrowserNativeProxy	uplugin	Engine/Plugins/Runtime/WebBrowserNativeProxy/WebBrowserNativeProxy.uplugin	18
WebBrowserTexture	build.cs	Engine/Source/Runtime/WebBrowserTexture/WebBrowserTexture.Build.cs	6
WebBrowserWidget	uplugin	Engine/Plugins/Runtime/WebBrowserWidget/WebBrowserWidget.uplugin	19
WebMMedia	uplugin	Engine/Plugins/Media/WebMMedia/WebMMedia.uplugin	17
WebMMediaEditor	uplugin	Engine/Plugins/Media/WebMMedia/WebMMedia.uplugin	30
WebMMediaFactory	uplugin	Engine/Plugins/Media/WebMMedia/WebMMedia.uplugin	35
WebMMoviePlayer	uplugin	Engine/Plugins/Runtime/WebMMoviePlayer/WebMMoviePlayer.uplugin	19
WebRTC	build.cs	Engine/Source/ThirdParty/WebRTC/WebRTC.Build.cs	7
WebRemoteControl	uplugin	Engine/Plugins/VirtualProduction/RemoteControl/RemoteControl.uplugin	46
WebSocketMessaging	uplugin	Engine/Plugins/Experimental/WebSocketMessaging/WebSocketMessaging.uplugin	19
WebSocketNetworking	uplugin	Engine/Plugins/Experimental/WebSocketNetworking/WebSocketNetworking.uplugin	20
WebSockets	build.cs	Engine/Source/Runtime/Online/WebSockets/WebSockets.Build.cs	5
WidgetAutomationTests	uplugin	Engine/Plugins/Tests/WidgetAutomationTests/WidgetAutomationTests.uplugin	20
WidgetCarousel	build.cs	Engine/Source/Runtime/WidgetCarousel/WidgetCarousel.Build.cs	5
WidgetEditorToolPalette	uplugin	Engine/Plugins/Experimental/WidgetEditorToolPalette/WidgetEditorToolPalette.uplugin	19
WidgetRegistration	build.cs	Engine/Source/Developer/WidgetRegistration/WidgetRegistration.Build.cs	5
WinDualShock	uplugin	Engine/Plugins/Runtime/Windows/WinDualShock/WinDualShock.uplugin	26
WinHttp	build.cs	Engine/Source/ThirdParty/WinHttp/WinHttp.Build.cs	5
WinPixEventRuntime	build.cs	Engine/Source/ThirdParty/Windows/PIX/WinPixEventRuntime.Build.cs	6
WindowsDeviceProfileSelector	uplugin	Engine/Plugins/Runtime/WindowsDeviceProfileSelector/WindowsDeviceProfileSelector.uplugin	20
WindowsMoviePlayer	uplugin	Engine/Plugins/Runtime/WindowsMoviePlayer/WindowsMoviePlayer.uplugin	19
WindowsPlatformEditor	build.cs	Engine/Source/Developer/Windows/WindowsPlatformEditor/WindowsPlatformEditor.Build.cs	5
WindowsPlatformFeatures	build.cs	Engine/Source/Runtime/Windows/WindowsPlatformFeatures/WindowsPlatformFeatures.Build.cs	7
WindowsTargetPlatform	build.cs	Engine/Source/Developer/Windows/WindowsTargetPlatform/WindowsTargetPlatform.Build.cs	5
WmfMedia	uplugin	Engine/Plugins/Media/WmfMedia/WmfMedia.uplugin	20
WmfMediaEditor	uplugin	Engine/Plugins/Media/WmfMedia/WmfMedia.uplugin	27
WmfMediaFactory	uplugin	Engine/Plugins/Media/WmfMedia/WmfMedia.uplugin	33
WorkspaceMenuStructure	build.cs	Engine/Source/Editor/WorkspaceMenuStructure/WorkspaceMenuStructure.Build.cs	5
WorldBrowser	build.cs	Engine/Source/Editor/WorldBrowser/WorldBrowser.Build.cs	5
WorldConditions	uplugin	Engine/Plugins/Runtime/WorldConditions/WorldConditions.uplugin	20
WorldConditionsEditor	uplugin	Engine/Plugins/Runtime/WorldConditions/WorldConditions.uplugin	25
WorldConditionsTestSuite	uplugin	Engine/Plugins/Runtime/WorldConditions/WorldConditions.uplugin	30
WorldMetricsCore	uplugin	Engine/Plugins/WorldMetrics/WorldMetrics.uplugin	21
WorldMetricsTest	uplugin	Engine/Plugins/WorldMetrics/WorldMetrics.uplugin	26
WorldPartitionEditor	build.cs	Engine/Source/Editor/WorldPartitionEditor/WorldPartitionEditor.Build.cs	5
WorldPartitionHLODUtilities	uplugin	Engine/Plugins/Editor/WorldPartitionHLODUtilities/WorldPartitionHLODUtilities.uplugin	17
XAudio2_9	build.cs	Engine/Source/ThirdParty/Windows/XAudio2_9/XAudio2_9.Build.cs	4
XCodeSourceCodeAccess	uplugin	Engine/Plugins/Developer/XCodeSourceCodeAccess/XCodeSourceCodeAccess.uplugin	22
XGEController	uplugin	Engine/Plugins/XGEController/XGEController.uplugin	21
XInput	build.cs	Engine/Source/ThirdParty/Windows/XInput/XInput.Build.cs	7
XInputDevice	uplugin	Engine/Plugins/Runtime/Windows/XInputDevice/XInputDevice.uplugin	21
XMPP	build.cs	Engine/Source/Runtime/Online/XMPP/XMPP.Build.cs	5
XORBlockEncryptor	build.cs	Engine/Source/Runtime/PacketHandlers/EncryptionComponents/SymmetricEncryption/BlockEncryption/XORBlockEncryptor/XORBlockEncryptor.Build.cs	6
XORStreamEncryptor	build.cs	Engine/Source/Runtime/PacketHandlers/EncryptionComponents/SymmetricEncryption/StreamEncryption/XORStreamEncryptor/XORStreamEncryptor.Build.cs	6
XRBase	uplugin	Engine/Plugins/Runtime/XRBase/XRBase.uplugin	21
XRBaseEditor	uplugin	Engine/Plugins/Runtime/XRBase/XRBase.uplugin	26
XRCreative	uplugin	Engine/Plugins/Experimental/XRCreativeFramework/XRCreativeFramework.uplugin	23
XRCreativeEditor	uplugin	Engine/Plugins/Experimental/XRCreativeFramework/XRCreativeFramework.uplugin	28
XRScribe	uplugin	Engine/Plugins/Runtime/XR/XRScribe/XRScribe.uplugin	23
XRVisualization	uplugin	Engine/Plugins/Runtime/XR/XRVisualization/XRVisualization.uplugin	20
XcodeGPUDebuggerPlugin	uplugin	Engine/Plugins/Developer/XcodeGPUDebuggerPlugin/XcodeGPUDebuggerPlugin.uplugin	15
XmlParser	build.cs	Engine/Source/Runtime/XmlParser/XmlParser.Build.cs	5
XmlSerialization	uplugin	Engine/Plugins/Experimental/SerializationUtils/SerializationUtils.uplugin	24
Zen	build.cs	Engine/Source/Developer/Zen/Zen.Build.cs	6
ZoneGraph	uplugin	Engine/Plugins/Runtime/ZoneGraph/ZoneGraph.uplugin	21
ZoneGraphAnnotations	uplugin	Engine/Plugins/Runtime/ZoneGraphAnnotations/ZoneGraphAnnotations.uplugin	20
ZoneGraphDebug	uplugin	Engine/Plugins/Runtime/ZoneGraph/ZoneGraph.uplugin	36
ZoneGraphEditor	uplugin	Engine/Plugins/Runtime/ZoneGraph/ZoneGraph.uplugin	26
ZoneGraphTestSuite	uplugin	Engine/Plugins/Runtime/ZoneGraph/ZoneGraph.uplugin	31
astcenc	build.cs	Engine/Source/ThirdParty/astcenc/astcenc.Build.cs	6
coremod	build.cs	Engine/Source/ThirdParty/coremod/coremod.Build.cs	6
etc2comp	build.cs	Engine/Source/ThirdParty/etc2comp/etc2comp.Build.cs	6
heapprofd	build.cs	Engine/Source/ThirdParty/heapprofd/heapprofd.Build.cs	6
jemalloc	build.cs	Engine/Source/ThirdParty/jemalloc/jemalloc.Build.cs	5
libOpus	build.cs	Engine/Source/ThirdParty/libOpus/libOpus.build.cs	6
libPhonon	build.cs	Engine/Source/ThirdParty/libPhonon/LibPhonon.Build.cs	6
libWebSockets	build.cs	Engine/Source/ThirdParty/libWebSockets/libWebSockets.Build.cs	5
libav	build.cs	Engine/Source/ThirdParty/libav/libav.Build.cs	7
libcurl	build.cs	Engine/Source/ThirdParty/libcurl/libcurl.Build.cs	6
libpas	build.cs	Engine/Source/ThirdParty/libpas/src/libpas/libpas.Build.cs	7
libstrophe	build.cs	Engine/Source/ThirdParty/libstrophe/libstrophe.Build.cs	6
libzip	build.cs	Engine/Source/ThirdParty/libzip/libzip.Build.cs	6
metis	build.cs	Engine/Source/ThirdParty/metis/metis.Build.cs	5
mimalloc	build.cs	Engine/Source/ThirdParty/mimalloc/mimalloc.Build.cs	6
nDisplaySupport	uplugin	Engine/Plugins/VirtualProduction/LevelSnapshots/LevelSnapshots.uplugin	40
nanoflann	build.cs	Engine/Source/ThirdParty/nanoflann/nanoflann.Build.cs	6
nghttp2	build.cs	Engine/Source/ThirdParty/nghttp2/nghttp2.Build.cs	6
nvDecode	build.cs	Engine/Source/ThirdParty/NVIDIA/nvDecode/nvDecode.Build.cs	4
nvEncode	build.cs	Engine/Source/ThirdParty/NVIDIA/nvEncode/nvEncode.Build.cs	4
nvTessLib	build.cs	Engine/Source/ThirdParty/nvtesslib/nvTessLib.Build.cs	4
nvTextureTools	build.cs	Engine/Source/ThirdParty/nvTextureTools/nvTextureTools.Build.cs	5
nvTriStrip	build.cs	Engine/Source/ThirdParty/nvTriStrip/nvTriStrip.Build.cs	5
portmidi	build.cs	Engine/Source/ThirdParty/portmidi/portmidi.Build.cs	5
stb_image_resize2	build.cs	Engine/Source/ThirdParty/stb_image_resize/stb_image_resize2.Build.cs	6
xxhash	build.cs	Engine/Source/ThirdParty/xxhash/xxhash.Build.cs	6
zlib	build.cs	Engine/Source/ThirdParty/zlib/zlib.Build.cs	6
